iso,fuel,X1950,X1951,X1952,X1953,X1954,X1955,X1956,X1957,X1958,X1959,X1960,X1961,X1962,X1963,X1964,X1965,X1966,X1967,X1968,X1969,X1970,X1971,X1972,X1973,X1974,X1975,X1976
afg,natural_gas,0,0,0,0,0,0,0,0,0,0,0,0,0,0,0,0,0,119.155267,159.7858824,,99.72850679,202.8733032,137.6923077,152.6244344,183.6199095,218.2352941,137.8733032
afg,hard_coal,8,10,12,14,16,23,23,29,34,41,48,66,112,99,113,144,162,151,125,137,164,135,72,117,115,150,160
ago,natural_gas,0,0,0,0,0,0,0,0,0,0,0,0,0,0,0,0,0,0,0,0,37.98642534,37.98642534,50.29411765,57.42081448,60.04524887,57.39819005,49.97737557
alb,brown_coal,40,69,71,105,149,195,224,236,256,288,290,288,301,252,292,331,394,434,502,593,605,675,740,811,850,895,900
alb,natural_gas,0,4.43438914,4.43438914,8.800904977,13.25791855,17.60180995,22.05882353,26.5158371,30.85972851,35.31674208,37.9638009,37.9638009,37.9638009,37.9638009,37.9638009,37.9638009,47.62443439,58.23529412,67.05882353,77.66968326,86.47058824,111.199095,127.9638009,167.7149321,196.8325792,254.5248869,309.1855204
are,natural_gas,0,0,0,0,0,0,0,0,0,0,0,0,0,0,0,0,0,400.678733,529.5022624,520.9782805,201.4027149,509.7285068,601.040724,749.9547511,824.9773756,700.0226244,774.9547511
arg,natural_gas,0,652.5339367,705.9728507,548.7330317,555.8371041,565.2941176,600.6334842,669.8868778,680.8597285,676.8778281,1087.330317,1853.076923,2348.393891,2681.711738,2974.223729,3333.525638,3610.212308,3775.413566,4203.836443,4188.117086,4729.004525,5068.687783,5733.733032,6524.886878,6862.669683,7230.452489,7573.122172
arg,hard_coal,1473,2242,1852,1266,1519,1252,1449,1279,1489,1505,1577,1452,831,976,1023,1031,1054,1218,990,1069,1409,1276,1212,1230,1445,1531,1452
arm,diesel_oil,0,0,0,0,0,0,0,0,0,0,0,0,0,0,0,0,0,0,0,0,0,0,0,0,0,0,0
arm,natural_gas,0,0,0,0,0,0,0,0,0,0,0,0,0,0,0,0,0,0,0,0,0,0,0,0,0,0,0
arm,heavy_oil,0,0,0,0,0,0,0,0,0,0,0,0,0,0,0,0,0,0,0,0,0,0,0,0,0,0,0
arm,light_oil,0,0,0,0,0,0,0,0,0,0,0,0,0,0,0,0,0,0,0,0,0,0,0,0,0,0,0
arm,brown_coal,0,0,0,0,0,0,0,0,0,0,0,0,0,0,0,0,0,0,0,0,0,0,0,0,0,0,0
arm,hard_coal,0,0,0,0,0,0,0,0,0,0,0,0,0,0,0,0,0,0,0,0,0,0,0,0,0,0,0
aus,brown_coal,7445,7962,8234,8390,9481,10274,10729,10913,11830,13244,15207,16541,17412,18752,19340,20991,22133,23759,23339,23274,24175,23383,23697,25036,26742,27896,29212
aus,hard_coal,16744,17484,17841,18418,19230,18899,18735,18922,18798,19949,20102,19928,20216,20524,21887,22819,22509,23685,24441,25277,25153,25334,26626,27014,29006,29257,29533
aut,brown_coal,4764,5565,5501,5784,6453,6776,6875,7050,6610,6155,5796,5684,5924,6212,5998,5544,5140,4639,4176,3959,3870,3849,4243,4107,4173,3784,3367
aut,natural_gas,426.8325792,438.7556561,443.0316742,503.9140271,565.5824434,693.6083258,674.8695023,688.4894118,746.1859276,1026.50267,1342.728597,1419.814253,1490.384072,1553.637783,1620.128371,1573.70724,1688.884027,1618.051131,1722.692398,2148.00543,2609.230769,3015.972851,3257.013575,3504.660633,3806.493213,3729.162896,4260.746606
aut,hard_coal,5046,5278,4721,4230,4529,4777,4997,5166,4452,4030,4413,4259,4308,4655,4504,4231,3934,3747,3766,3767,4166,3247,3277,3245,3326,2944,2980
aze,natural_gas,0,0,0,0,0,0,0,0,0,0,0,0,0,0,0,0,0,0,0,0,0,0,0,0,0,0,0
aze,diesel_oil,0,0,0,0,0,0,0,0,0,0,0,0,0,0,0,0,0,0,0,0,0,0,0,0,0,0,0
aze,hard_coal,0,0,0,0,0,0,0,0,0,0,0,0,0,0,0,0,0,0,0,0,0,0,0,0,0,0,0
aze,light_oil,0,0,0,0,0,0,0,0,0,0,0,0,0,0,0,0,0,0,0,0,0,0,0,0,0,0,0
aze,heavy_oil,0,0,0,0,0,0,0,0,0,0,0,0,0,0,0,0,0,0,0,0,0,0,0,0,0,0,0
bdi,brown_coal,0,0,0,0,0,0,0,0,0,0,0,0,0,0,0,0,0,0,0,0,1,1,1,1,1,1,1
bel,natural_gas,2.832352941,13.34904977,26.88950226,32.18574661,24.99176471,34.75239819,41.38090498,49.22791855,49.23004525,42.79624434,29.4341629,31.90493213,34.73665158,31.33511312,33.70013575,43.64647059,91.95208145,425.779819,1100.854389,2278.327873,3604.773756,4974.502262,6253.393665,7534.502262,8808.846154,8579.027149,9158.257919
bel,hard_coal,26024,30582,28510,27414,28302,29592,31138,30301,26081,25891,26314,25890,26296,27333,24953,23781,22416,21572,21690,20313,19098,15952,16398,17593,18743,15236,16417
bgr,brown_coal,5771,6224,7173,8077,8632,9134,9652,10550,11558,13866,15416,16966,19104,20204,23718,24465,24626,26739,28282,28632,28628,26256,26707,26311,24749,27789,25385
bgr,natural_gas,0,0,0,0,0,0,0,0,0,0,0,0,0,0,0,58.05429864,86.74208145,261.7647059,402.4886878,417.6470588,378.8235294,260.4298643,175.3846154,176.719457,385.0678733,1022.80543,1788.800905
bgr,hard_coal,157,190,237,268,291,277,315,294,324,446,527,1047,1508,1905,2584,3134,3403,3698,3759,4433,5475,5972,6049,6528,6745,6485,6102
bhr,natural_gas,0,0,0,0,0,0,0,0,0,0,0,0,0,44.14027149,44.14027149,44.14027149,52.94117647,52.94117647,238.3031674,273.6425339,308.9819005,450.2262443,997.6244344,1414.321267,1743.597285,1835.20362,1923.167421
bih,brown_coal,0,0,0,0,0,0,0,0,0,0,0,0,0,0,0,0,0,0,0,0,0,0,0,0,0,0,0
bih,hard_coal,0,0,0,0,0,0,0,0,0,0,0,0,0,0,0,0,0,0,0,0,0,0,0,0,0,0,0
bih,diesel_oil,0,0,0,0,0,0,0,0,0,0,0,0,0,0,0,0,0,0,0,0,0,0,0,0,0,0,0
bih,natural_gas,0,0,0,0,0,0,0,0,0,0,0,0,0,0,0,0,0,0,0,0,0,0,0,0,0,0,0
bih,heavy_oil,0,0,0,0,0,0,0,0,0,0,0,0,0,0,0,0,0,0,0,0,0,0,0,0,0,0,0
bih,light_oil,0,0,0,0,0,0,0,0,0,0,0,0,0,0,0,0,0,0,0,0,0,0,0,0,0,0,0
blr,light_oil,0,0,0,0,0,0,0,0,0,0,0,0,0,0,0,0,0,0,0,0,0,0,0,0,0,0,0
blr,heavy_oil,0,0,0,0,0,0,0,0,0,0,0,0,0,0,0,0,0,0,0,0,0,0,0,0,0,0,0
blr,natural_gas,0,0,0,0,0,0,0,0,0,0,0,0,0,0,0,0,0,0,0,0,0,0,0,0,0,0,0
blr,diesel_oil,0,0,0,0,0,0,0,0,0,0,0,0,0,0,0,0,0,0,0,0,0,0,0,0,0,0,0
blr,hard_coal,0,0,0,0,0,0,0,0,0,0,0,0,0,0,0,0,0,0,0,0,0,0,0,0,0,0,0
blr,brown_coal,0,0,0,0,0,0,0,0,0,0,0,0,0,0,0,0,0,0,0,0,0,0,0,0,0,0,0
bol,natural_gas,0,0,0,0,0,4.728506787,5.475113122,6.244343891,4.728506787,5.475113122,4.728506787,39.29864253,37.69208145,38.53713122,41.57482353,48.76624434,61.36751131,64.412181,59.77074208,87.22644344,29.09502262,31.4479638,45.76923077,53.41628959,132.0588235,114.1628959,140.2036199
bra,natural_gas,0.931095023,0.935828054,0.932841629,2.916886878,5.956868778,5.953882353,7.939674208,15.89323982,29.83204525,42.71266063,52.66075113,52.65376471,50.67321267,75.57739367,74.54148416,89.50362896,112.3354208,117.3478914,105.4185882,108.3431403,71.53846154,114.2307692,125.9728507,174.3891403,317.9638009,359.5475113,421.199095
bra,hard_coal,3042,2979,2885,2767,2791,2796,2443,2360,1879,1918,2312,2175,2672,2549,2798,3234,3888,3832,3998,4358,4054,4172,4245,4126,4303,4923,5502
brb,natural_gas,1.787330317,2.647058824,3.484162896,3.484162896,2.647058824,3.484162896,3.484162896,2.647058824,2.647058824,2.647058824,1.787330317,2.647058824,2.647058824,3.484162896,2.647058824,2.647058824,2.647058824,2.647058824,2.647058824,2.647058824,2.918552036,2.647058824,2.171945701,2.647058824,1.696832579,1.877828054,3.687782805
brn,natural_gas,119.4417647,122.4729321,124.4621357,123.4246787,125.4141629,122.4757466,124.3523891,121.433276,137.5175023,137.5192489,140.55019,126.4564072,135.5288054,137.6320905,123.4206787,149.3577195,132.508009,135.3564887,131.5496109,147.5576561,178.6651584,166.3800905,338.4841629,395.4751131,627.760181,697.7149321,470.7918552
btn,hard_coal,0,0,0,0,0,0,0,0,0,0,0,0,0,0,0,0,0,0,0,0,0,0,0,0,0,0,0
can,hard_coal,36567,36391,33891,31329,30100,26514,29393,23985,21036,19733,18134,16526,17033,16999,18757,19308,18623,18401,19573,19146,19846,18819,20616,16368,14281,18801,16975
can,natural_gas,1634.375801,1877.416434,1966.368787,2212.730281,2734.669412,3420.181647,3927.627394,4996.301701,6175.515765,7958.709312,9905.385602,10562.55065,11946.97569,10285.30018,15710.3364,17492.75973,19509.53377,20724.65699,25536.82357,26811.24726,28802.66968,31030.42986,35176.74208,37652.62443,38409.86425,39513.39367,45497.85068
can,brown_coal,5012,4541,4280,4008,3891,4202,4061,3754,3499,3104,3365,3237,3403,3199,3713,4184,4226,4209,4723,4720,7010,6303,7420,8132,8550,9502,11038
che,hard_coal,2113,2804,2158,1740,2132,2134,2586,2746,1974,1912,2184,1917,1940,2230,1596,1285,1037,792,654,626,585,385,330,307,241,166,144
che,natural_gas,,0,,,,,,,,,,,,,,,,1.704705882,9.849411765,11.83823529,38.6199095,93.46153846,118.4841629,160.4977376,338.0769231,544.8190045,569.9321267
chl,natural_gas,0,,,,42.62515837,42.62289593,42.60434389,42.61638009,42.61891403,42.60660633,42.6061991,47.35932127,47.35276018,47.3399095,47.34511312,52.09529412,52.08262443,56.81221719,59.66447964,65.34606335,1089.343891,1146.176471,1174.59276,1041.99095,1037.262443,1037.262443,734.6153846
chl,hard_coal,1689,2048,2060,1977,1969,1966,2003,1850,1722,1682,1675,1638,1766,1709,1628,1610,1603,1703,1747,1763,1769,1906,1575,1711,1622,1295,1307
chn,natural_gas,6.108597285,2.714932127,7.013574661,9.728506787,13.34841629,14.9321267,22.62443439,61.08597285,97.28506787,255.6561086,916.2895928,1296.38009,1067.873303,900.4524887,934.3891403,970.5882353,1180.995475,1287.330317,1235.294118,1728.506787,2531.674208,3298.642534,4269.230769,5273.755656,6640.271493,7805.429864,8907.239819
chn,hard_coal,40960,52840,66200,68730,82153,96672,108333,128854,268205,367035,394946,275737,217430,214419,212057,228644,248034,202514,217874,264543,351735,389133,407182,414182,410132,479003,480731
cog,natural_gas,0,0,0,0,0,0,0,0,0,0,0,0,0,0,0,0,0,0,0,2.647058824,36.31221719,64.3438914,73.46153846,13.68778281,15.0678733,14.61538462,7.398190045
col,natural_gas,0,0,0,0,0,0,0,0,,309.7268778,316.3661538,326.7861991,494.438914,599.5874208,634.6488688,783.3556561,930.1707602,969.0211765,1000.280814,1115.841222,1248.21267,1385.542986,1625.769231,1694.615385,1640.542986,1655.61086,1701.470588
col,hard_coal,1010,1115,966,1230,1500,1850,2000,2000,2440,2480,2600,2800,3000,3200,3000,2800,2500,3100,3100,3317,2263,2535,2618,3042,3266,3443,3613
cub,hard_coal,48,90,56,43,36,32,20,143,48,58,43,160,47,70,90,91,64,92,58,69,65,52,52,45,47,57,48
cyp,hard_coal,2,1,3,2,2,,5,1,1,1,0,0,0,0,0,0,1,0,0,0,0,0,2,0,0,0,0
cze,hard_coal,0,0,0,0,0,0,0,0,0,0,0,0,0,0,0,0,0,0,0,0,0,0,0,0,0,0,0
cze,brown_coal,0,0,0,0,0,0,0,0,0,0,0,0,0,0,0,0,0,0,0,0,0,0,0,0,0,0,0
cze,natural_gas,0,0,0,0,0,0,0,0,0,0,0,0,0,0,0,0,0,0,0,0,0,0,0,0,0,0,0
cze,diesel_oil,0,0,0,0,0,0,0,0,0,0,0,0,0,0,0,0,0,0,0,0,0,0,0,0,0,0,0
cze,light_oil,0,0,0,0,0,0,0,0,0,0,0,0,0,0,0,0,0,0,0,0,0,0,0,0,0,0,0
cze,heavy_oil,0,0,0,0,0,0,0,0,0,0,0,0,0,0,0,0,0,0,0,0,0,0,0,0,0,0,0
deu,natural_gas,20.06361991,25.84343891,44.79538462,104.7314027,167.5147511,335.3420814,486.7713575,482.4975113,480.3229864,550.6943891,623.0352036,681.4884163,906.2027602,1180.029457,1760.84629,2566.032851,3103.976968,4036.624525,6696.915385,9502.685928,13728.34842,18479.77376,24279.0724,31115.8371,38841.56109,40864.29864,43018.07692
deu,brown_coal,217831,238584,246417,262107,274956,296424,306999,314778,314807,315273,328182,340931,355084,367264,374121,358442,352849,343327,353539,367078,373512,372399,364490,371274,379653,375345,387675
deu,hard_coal,107104,124101,132821,130819,131522,145083,155074,154208,144250,134148,146182,143096,146933,150100,146242,138846,126444,115316,113922,120091,120859,119087,106077,103911,102084,90512,98107
dnk,hard_coal,4123,4212,4477,4264,4560,4475,3557,3105,3068,2915,3679,3557,3939,4006,3748,3540,3935,3742,4053,3805,3308,2073,1957,3410,3103,4079,4629
dom,hard_coal,0,0,0,1,1,1,1,0,1,1,1,1,0,1,1,1,1,1,1,1,1,1,1,1,1,1,1
dza,natural_gas,0,0,0,0,0,0,0,0,0,0,0,206.7647059,315.9954751,278.3936652,546.9266968,818.1160633,850.3237557,823.5178733,866.5171946,1139.428507,62.33031674,310.4072398,1441.78733,1446.719457,1126.923077,2050.20362,2789.638009
dza,hard_coal,710,766,695,583,559,601,664,745,682,551,474,288,153,86,96,91,92,69,73,99,83,74,65,75,85,83,25
ecu,natural_gas,0,0,0,0,0,0,0,0,0,0,0,0,0,0,0,0,0,0,15.14276018,15.13682353,15.15837104,15.18099548,18.4841629,30.70135747,31.08597285,34.11764706,34.11764706
egy,hard_coal,209,281,196,73,126,103,87,122,76,44,45,46,58,29,301,409,289,480,505,492,496,402,429,427,664,1516,983
egy,natural_gas,0,0,0,0,0,0,0,0,0,0,0,0,0,0,45.92760181,43.28054299,49.43438914,49.43438914,49.43438914,62.69282353,75.02262443,73.89140271,61.58371041,76.71945701,37.8959276,40.56561086,335.7013575
esp,hard_coal,11561,11565,12669,12915,13035,12828,13031,14483,15516,14267,14042,14322,14526,14727,13679,14447,13714,13298,13930,13702,14083,13764,14012,13303,13321,14997,14273
esp,brown_coal,1344,1489,1598,1790,1755,1828,1935,2519,2672,2053,1742,2199,2517,2594,2585,2765,2611,2723,2899,2715,2881,3110,3089,3062,2922,3396,4171
esp,natural_gas,0,0,0,0,0,0,0,0,0,0,0,0,0,1.877828054,2.081447964,2.737556561,6.153846154,2.737556561,2.171945701,58.13597285,75.47511312,375.7918552,747.8959276,993.3257919,952.8280543,1167.714932,1523.868778
est,natural_gas,0,0,0,0,0,0,0,0,0,0,0,0,0,0,0,0,0,0,0,0,0,0,0,0,0,0,0
est,diesel_oil,0,0,0,0,0,0,0,0,0,0,0,0,0,0,0,0,0,0,0,0,0,0,0,0,0,0,0
est,hard_coal,0,0,0,0,0,0,0,0,0,0,0,0,0,0,0,0,0,0,0,0,0,0,0,0,0,0,0
est,brown_coal,0,0,0,0,0,0,0,0,0,0,0,0,0,0,0,0,0,0,0,0,0,0,0,0,0,0,0
est,light_oil,0,0,0,0,0,0,0,0,0,0,0,0,0,0,0,0,0,0,0,0,0,0,0,0,0,0,0
est,heavy_oil,0,0,0,0,0,0,0,0,0,0,0,0,0,0,0,0,0,0,0,0,0,0,0,0,0,0,0
fin,natural_gas,0,0,0,0,0,0,0,0,0,0,0,0,0,0,0,0,0,0,0,0,0,0,0,0,399.1628959,652.5113122,700.8144796
fin,brown_coal,80,70,97,108,68,61,97,104,81,108,136,120,109,123,123,119,159,144,168,174,112,131,178,283,210,208,378
fin,hard_coal,1468,2126,2290,1821,1883,2223,2323,2244,1817,2627,2771,2357,2306,2464,2269,2133,2032,1931,2484,3052,2800,2619,2818,3143,3098,2843,3943
fji,hard_coal,10,19,23,19,21,18,16,6,3,10,7,2,7,7,4,3,2,6,2,1,0,2,0,0,7,17,9
flk,brown_coal,0,0,0,0,0,0,0,0,0,0,0,0,0,0,0,0,0,0,0,0,10,10,10,11,11,11,12
fra,hard_coal,59721,66403,64343,59506,61495,62996,71919,74324,68123,64426,63193,63470,65534,69311,67885,62964,58730,57955,54823,55479,52438,48302,41946,40565,40129,37123,43483
fra,brown_coal,1663,2006,1902,1840,1893,1894,2092,2046,2097,2096,2202,2909,2847,2413,2244,2578,2394,2980,3343,2911,2874,2610,2670,2775,2889,2892,3408
fra,natural_gas,206.1663801,256.3582353,259.7592308,241.1124434,277.2782805,332.9786878,408.9180995,527.8631222,628.7430317,1308.074344,2616.03819,3644.541312,4284.551855,4408.824118,4617.563891,4633.021086,4871.772217,5547.006968,6577.693213,7630.4319,8673.642534,10263.43891,12146.06335,14239.61538,14860.40724,16579.75113,17818.16742
gab,natural_gas,0,0,0,0,0,0,0,0,0,6.153846154,6.153846154,6.153846154,7.941176471,7.941176471,8.800904977,9.751131222,9.751131222,14.95475113,22.05882353,21.19909502,17.26244344,81.85520362,91.31221719,417.760181,483.1900452,143.0769231,44.04977376
gbr,natural_gas,0,7.194570136,8.325791855,10.70135747,15.13574661,12.30769231,16.65158371,29.07239819,53.30316742,63.16782805,69.12443439,69.2081448,100.1809955,133.6199095,236.2828507,775.6339819,758.8778281,1276.823439,2882.355068,5634.227104,10626.47059,17121.60633,24218.93665,26211.83258,31348.21267,32829.04977,34050.74661
gbr,hard_coal,201343,215297,209330,212436,213830,220993,220307,216221,203567,188687,198159,196641,192912,197724,190721,186261,178632,163284,162921,161605,155385,152258,129614,131208,117400,127390,125445
geo,light_oil,0,0,0,0,0,0,0,0,0,0,0,0,0,0,0,0,0,0,0,0,0,0,0,0,0,0,0
geo,heavy_oil,0,0,0,0,0,0,0,0,0,0,0,0,0,0,0,0,0,0,0,0,0,0,0,0,0,0,0
geo,hard_coal,0,0,0,0,0,0,0,0,0,0,0,0,0,0,0,0,0,0,0,0,0,0,0,0,0,0,0
geo,brown_coal,0,0,0,0,0,0,0,0,0,0,0,0,0,0,0,0,0,0,0,0,0,0,0,0,0,0,0
geo,natural_gas,0,0,0,0,0,0,0,0,0,0,0,0,0,0,0,0,0,0,0,0,0,0,0,0,0,0,0
geo,diesel_oil,0,0,0,0,0,0,0,0,0,0,0,0,0,0,0,0,0,0,0,0,0,0,0,0,0,0,0
grc,hard_coal,284,382,278,269,237,267,249,271,217,190,158,199,184,183,166,157,145,122,85,95,159,312,481,651,696,784,627
grc,brown_coal,180,177,256,444,700,782,798,998,1195,1596,2544,2572,2607,3440,3874,5129,5007,5305,5667,6719,7856,11023,10926,13158,13928,18048,22597
hkg,hard_coal,268,273,305,201,202,248,205,235,200,207,220,237,214,188,172,170,146,116,78,45,23,30,21,12,11,9,13
hrv,diesel_oil,0,0,0,0,0,0,0,0,0,0,0,0,0,0,0,0,0,0,0,0,0,0,0,0,0,0,0
hrv,natural_gas,0,0,0,0,0,0,0,0,0,0,0,0,0,0,0,0,0,0,0,0,0,0,0,0,0,0,0
hrv,brown_coal,0,0,0,0,0,0,0,0,0,0,0,0,0,0,0,0,0,0,0,0,0,0,0,0,0,0,0
hrv,hard_coal,0,0,0,0,0,0,0,0,0,0,0,0,0,0,0,0,0,0,0,0,0,0,0,0,0,0,0
hrv,heavy_oil,0,0,0,0,0,0,0,0,0,0,0,0,0,0,0,0,0,0,0,0,0,0,0,0,0,0,0
hrv,light_oil,0,0,0,0,0,0,0,0,0,0,0,0,0,0,0,0,0,0,0,0,0,0,0,0,0,0,0
hun,hard_coal,1545,1819,2068,2593,3364,3306,3069,4475,3704,4045,4669,5230,5463,6650,8234,7516,7369,6383,6326,6050,6769,6337,6063,5661,5600,5519,5389
hun,natural_gas,322.9411765,343.7782805,424.2760181,465.9502262,472.5791855,464.0497738,385.4524887,350.4072398,325.7692308,434.5826697,465.2700905,426.1737557,439.3324434,620.6914932,789.5557014,1076.880136,1470.876109,1900.931493,2450.97914,2928.117557,2881.809955,3216.58371,3516.99095,4158.00905,4401.832579,5073.235294,6216.425339
hun,brown_coal,11168,12951,16146,18316,18403,19095,18199,19102,21569,22587,23602,25070,25263,26768,27346,26993,25927,22910,22901,22190,24100,23191,23255,24318,23064,21969,22810
idn,brown_coal,0,0,0,0,0,0,0,0,0,0,0,0,0,0,0,0,0,0,0,0,0,0,0,0,0,0,1
idn,hard_coal,767,791,922,816,845,800,859,718,605,666,686,575,490,601,455,287,339,231,176,199,161,192,188,129,149,191,157
idn,natural_gas,548.2579186,692.9864253,943.7330317,1205.927602,1396.606335,1684.457014,1805.339367,1913.9819,1842.375566,1968.733032,2146.153846,2267.104072,2388.076923,2470.113122,2410.995475,2786.199095,2791.493213,2816.221719,2901.855204,2298.846154,1057.963801,1247.760181,918.2352941,1445.20362,1505.361991,2349.343891,2595.542986
ind,hard_coal,30658,31831,33915,34480,35374,37181,38027,42566,44310,46401,51274,55297,60100,63842,60906,66632,66798,67822,69937,69624,70505,72317,76931,78835,83434,92792,96632
ind,brown_coal,0,0,0,0,0,0,0,4,7,33,48,64,210,992,1570,2300,2568,2929,4126,4188,3545,3661,3067,3320,3040,2790,3890
ind,natural_gas,0,0,0,0,0,0,0,0,0,0,0,2.1599819,4.43918552,5.299248869,10.60058824,129.7529593,143.877276,224.2083529,346.0089864,459.0203529,425.1357466,498.4615385,555.2036199,536.8778281,625.678733,797.4434389,1054.547511
irl,hard_coal,4646,4430,3872,3638,3850,4148,3092,2894,3174,3636,3724,3884,3308,3280,3012,2888,3010,2832,2748,2562,2570,2094,1842,1602,1760,1218,1428
irl,brown_coal,6326,7898,8010,7890,5692,7478,7332,7486,4650,9740,6880,8070,9362,8656,9358,6994,8358,9358,12282,11746,12144,12760,12386,11400,12974,12228,12620
irn,natural_gas,0,0,0,0,0,267.1149321,390.9236652,644.6863348,662.4867964,808.4690407,845.868362,875.2331222,936.7124253,1014.202633,1061.363303,1094.3361,1234.062389,1305.287195,1396.127403,4148.415104,9455.135747,8290.701357,8033.280543,8824.276018,11118.39367,10527.55656,10501.33484
irn,hard_coal,200,170,150,155,251,244,190,175,194,237,230,198,204,228,274,285,285,290,297,490,530,600,1018,1119,1274,1095,977
irq,natural_gas,0,0,0,0,0,292.2171946,317.7828054,237.4660633,189.8190045,294.8642534,532.3303167,562.3755656,569.3665158,640.0452489,670.9276018,438.7497195,479.392914,409.5786335,428.1432489,672.7242262,692.1493213,816.6289593,825.4072398,1068.190045,715.2036199,1147.307692,1591.764706
isl,hard_coal,95,68,60,48,43,61,43,34,30,28,22,17,16,11,13,7,5,5,3,2,1,1,1,1,0,0,0
isr,natural_gas,0,0,0,0,0,0,0,0,0,0,0,2.647058824,9.660633484,8.800904977,25.38461538,63.07692308,83.25791855,95.47511312,124.4570136,124.4570136,107.9638009,99.45701357,99.45701357,43.5520362,53.03167421,48.30316742,46.40271493
isr,hard_coal,14,13,25,23,30,17,27,28,21,14,35,18,21,13,19,3,2,1,4,1,2,1,5,3,3,4,5
ita,natural_gas,439.1402715,832.7375566,1234.660633,1964.660633,2557.239819,3125.950226,3856.99095,4298.031674,4462.149321,5272.352941,5556.199095,5888.325792,6162.036199,6263.371041,6579.208145,6671.447964,7284.18552,7956.402715,9300,10277.10407,10151.69683,11522.98643,13314.97738,15037.64706,17046.1086,19395.56561,23459.0724
ita,hard_coal,9430,10807,10372,10567,10835,11507,12243,12091,10441,9624,10627,11379,11834,12068,10768,11479,12167,12912,12402,12638,12759,12190,11613,11721,12792,12680,12467
ita,brown_coal,558,668,629,572,495,476,290,231,680,1199,784,1620,1790,1397,1230,1035,1082,2231,1773,1987,1461,1389,910,1340,1235,1250,1244
jam,hard_coal,15,24,9,11,13,14,11,1,0,0,0,0,0,0,0,0,0,0,0,0,1,0,0,0,0,0,0
jpn,hard_coal,38783,44875,45842,47833,45447,43878,48905,54416,50779,50504,55612,64174,61467,61975,63849,65814,67290,70766,77926,85336,89402,79765,76418,81360,85918,81419,79382
jpn,natural_gas,62.08144796,74.72850679,81.83257919,99.84162896,126.9230769,157.6244344,215.4072398,292.8959276,426.3574661,538.4162896,735.9049774,940.7013575,1222.60181,1689.298643,1841.244344,1659.79638,1701.58371,1797.19457,1943.868778,2170.277475,3530.090498,3721.628959,3672.058824,4867.126697,6512.873303,7890.135747,9512.466063
kaz,diesel_oil,0,0,0,0,0,0,0,0,0,0,0,0,0,0,0,0,0,0,0,0,0,0,0,0,0,0,0
kaz,natural_gas,0,0,0,0,0,0,0,0,0,0,0,0,0,0,0,0,0,0,0,0,0,0,0,0,0,0,0
kaz,brown_coal,0,0,0,0,0,0,0,0,0,0,0,0,0,0,0,0,0,0,0,0,0,0,0,0,0,0,0
kaz,hard_coal,0,0,0,0,0,0,0,0,0,0,0,0,0,0,0,0,0,0,0,0,0,0,0,0,0,0,0
kaz,heavy_oil,0,0,0,0,0,0,0,0,0,0,0,0,0,0,0,0,0,0,0,0,0,0,0,0,0,0,0
kaz,light_oil,0,0,0,0,0,0,0,0,0,0,0,0,0,0,0,0,0,0,0,0,0,0,0,0,0,0,0
ken,hard_coal,42,19,27,12,20,25,43,38,36,37,40,36,43,41,33,54,47,49,40,31,82,81,39,70,66,44,62
kgz,natural_gas,0,0,0,0,0,0,0,0,0,0,0,0,0,0,0,0,0,0,0,0,0,0,0,0,0,0,0
kgz,diesel_oil,0,0,0,0,0,0,0,0,0,0,0,0,0,0,0,0,0,0,0,0,0,0,0,0,0,0,0
kgz,hard_coal,0,0,0,0,0,0,0,0,0,0,0,0,0,0,0,0,0,0,0,0,0,0,0,0,0,0,0
kgz,brown_coal,0,0,0,0,0,0,0,0,0,0,0,0,0,0,0,0,0,0,0,0,0,0,0,0,0,0,0
kgz,light_oil,0,0,0,0,0,0,0,0,0,0,0,0,0,0,0,0,0,0,0,0,0,0,0,0,0,0,0
kgz,heavy_oil,0,0,0,0,0,0,0,0,0,0,0,0,0,0,0,0,0,0,0,0,0,0,0,0,0,0,0
kor,hard_coal,783,938,1152,1637,1767,2340,2788,3182,3415,4444,5263,6032,7120,8607,9400,10080,11574,12027,10268,10253,11510,11666,12174,15128,15709,16608,18276
kwt,natural_gas,0,0,0,0,0,0,0,0,0,0,830.7239819,866.040724,1169.728507,1340.995475,1479.56876,1583.782706,2190.283584,2390.716118,2947.709294,3290.318932,1801.855204,1862.104072,2200.271493,2463.687783,2626.221719,2797.692308,2953.167421
lao,hard_coal,0,0,0,0,0,0,0,0,0,0,0,0,0,0,0,0,0,0,0,0,0,0,0,0,0,0,0
lbn,hard_coal,0,0,3,1,2,1,2,2,1,1,1,0,1,0,3,1,1,1,1,1,0,1,1,1,1,1,1
lby,hard_coal,5,6,6,10,26,75,34,30,36,31,33,38,6,9,2,7,0,2,4,1,0,1,1,0,0,0,0
lby,natural_gas,0,0,0,0,0,0,0,0,0,0,0,0,0,0,0,0,0,,,,0,0.045248869,0.045248869,0.022624434,0.022624434,0.045248869,0.022624434
lie,natural_gas,0,0,0,0,0,0,0,0,0,0,0,0,0,0,0,0,0,0,0,0,0,0,0,0,0,0,0
lka,hard_coal,374,241,377,389,289,187,146,281,175,176,260,139,141,145,175,139,31,138,42,22,21,13,1,7,6,2,3
ltu,hard_coal,0,0,0,0,0,0,0,0,0,0,0,0,0,0,0,0,0,0,0,0,0,0,0,0,0,0,0
ltu,heavy_oil,0,0,0,0,0,0,0,0,0,0,0,0,0,0,0,0,0,0,0,0,0,0,0,0,0,0,0
ltu,natural_gas,0,0,0,0,0,0,0,0,0,0,0,0,0,0,0,0,0,0,0,0,0,0,0,0,0,0,0
ltu,brown_coal,0,0,0,0,0,0,0,0,0,0,0,0,0,0,0,0,0,0,0,0,0,0,0,0,0,0,0
ltu,diesel_oil,0,0,0,0,0,0,0,0,0,0,0,0,0,0,0,0,0,0,0,0,0,0,0,0,0,0,0
ltu,light_oil,0,0,0,0,0,0,0,0,0,0,0,0,0,0,0,0,0,0,0,0,0,0,0,0,0,0,0
lux,hard_coal,407,516,543,416,432,448,507,471,404,372,389,357,355,379,308,237,200,177,172,171,200,296,353,352,658,564,656
lva,natural_gas,0,0,0,0,0,0,0,0,0,0,0,0,0,0,0,0,0,0,0,0,0,0,0,0,0,0,0
lva,brown_coal,0,0,0,0,0,0,0,0,0,0,0,0,0,0,0,0,0,0,0,0,0,0,0,0,0,0,0
lva,diesel_oil,0,0,0,0,0,0,0,0,0,0,0,0,0,0,0,0,0,0,0,0,0,0,0,0,0,0,0
lva,light_oil,0,0,0,0,0,0,0,0,0,0,0,0,0,0,0,0,0,0,0,0,0,0,0,0,0,0,0
lva,hard_coal,0,0,0,0,0,0,0,0,0,0,0,0,0,0,0,0,0,0,0,0,0,0,0,0,0,0,0
lva,heavy_oil,0,0,0,0,0,0,0,0,0,0,0,0,0,0,0,0,0,0,0,0,0,0,0,0,0,0,0
mar,hard_coal,309,328,370,498,370,324,338,314,318,315,322,319,292,311,362,283,437,434,384,385,439,468,593,580,573,649,696
mar,natural_gas,0,0,0.36199095,3.484162896,7.104072398,7.104072398,6.153846154,2.647058824,1.787330317,3.484162896,7.963800905,7.963800905,8.800904977,10.52036199,10.52036199,9.660633484,11.4479638,9.660633484,9.660633484,37.0361991,41.67420814,45.45248869,49.25339367,61.56108597,55.7918552,66.96832579,75.58823529
mda,diesel_oil,0,0,0,0,0,0,0,0,0,0,0,0,0,0,0,0,0,0,0,0,0,0,0,0,0,0,0
mda,light_oil,0,0,0,0,0,0,0,0,0,0,0,0,0,0,0,0,0,0,0,0,0,0,0,0,0,0,0
mda,natural_gas,0,0,0,0,0,0,0,0,0,0,0,0,0,0,0,0,0,0,0,0,0,0,0,0,0,0,0
mda,hard_coal,0,0,0,0,0,0,0,0,0,0,0,0,0,0,0,0,0,0,0,0,0,0,0,0,0,0,0
mda,heavy_oil,0,0,0,0,0,0,0,0,0,0,0,0,0,0,0,0,0,0,0,0,0,0,0,0,0,0,0
mdg,hard_coal,61,26,41,9,17,10,4,4,11,13,18,5,5,15,13,15,15,17,21,19,21,23,21,12,14,20,21
mex,hard_coal,942,1105,1345,1472,1363,1392,1467,1486,1510,1635,1824,1868,1940,2116,2188,2064,2164,2448,2670,2568,3109,3775,3999,4491,5530,5649,5968
mex,natural_gas,705.9668869,762.9794118,892.9416199,949.9684434,1015.046579,1071.609059,1139.80476,1211.800145,2108.537068,2367.891946,2934.261756,3695.655656,5449.641846,5361.829412,6188.308552,7251.201285,7824.096,9112.339982,9118.02324,9011.642733,9479.524887,9237.963801,9913.257919,11048.03167,11539.36652,11827.42081,11581.99095
mkd,hard_coal,0,0,0,0,0,0,0,0,0,0,0,0,0,0,0,0,0,0,0,0,0,0,0,0,0,0,0
mkd,heavy_oil,0,0,0,0,0,0,0,0,0,0,0,0,0,0,0,0,0,0,0,0,0,0,0,0,0,0,0
mkd,light_oil,0,0,0,0,0,0,0,0,0,0,0,0,0,0,0,0,0,0,0,0,0,0,0,0,0,0,0
mkd,diesel_oil,0,0,0,0,0,0,0,0,0,0,0,0,0,0,0,0,0,0,0,0,0,0,0,0,0,0,0
mkd,natural_gas,0,0,0,0,0,0,0,0,0,0,0,0,0,0,0,0,0,0,0,0,0,0,0,0,0,0,0
mkd,brown_coal,0,0,0,0,0,0,0,0,0,0,0,0,0,0,0,0,0,0,0,0,0,0,0,0,0,0,0
mmr,hard_coal,150,136,203,246,265,200,241,268,341,410,343,260,334,212,219,135,87,202,55,162,218,225,143,74,165,251,163
mmr,brown_coal,0,0,0,0,0,0,0,0,0,0,0,0,0,0,0,0,0,0,0,0,0,0,0,0,0,0,0
mmr,natural_gas,1.787330317,1.787330317,2.647058824,4.43438914,4.43438914,5.294117647,6.153846154,5.294117647,7.941176471,4.43438914,18.5520362,13.25791855,15.90497738,14.09502262,3.484162896,7.104072398,9.751131222,6.153846154,10.58823529,14.95475113,50,58.32579186,90.24886878,90,92.55656109,161.4932127,222.60181
mne,light_oil,0,0,0,0,0,0,0,0,0,0,0,0,0,0,0,0,0,0,0,0,0,0,0,0,0,0,0
mne,heavy_oil,0,0,0,0,0,0,0,0,0,0,0,0,0,0,0,0,0,0,0,0,0,0,0,0,0,0,0
mne,brown_coal,0,0,0,0,0,0,0,0,0,0,0,0,0,0,0,0,0,0,0,0,0,0,0,0,0,0,0
mne,diesel_oil,0,0,0,0,0,0,0,0,0,0,0,0,0,0,0,0,0,0,0,0,0,0,0,0,0,0,0
mng,brown_coal,270,275,281,287,295,303,364,409,473,603,618,752,836,821,582,945,1106,1194,1394,1559,1915,1985,2147,2206,2337,2555,2716
mng,hard_coal,0,0,0,0,0,0,0,0,77,74,53,32,200,56,297,124,60,61,81,81,86,104,108,120,138,172,205
moz,hard_coal,270,266,312,309,323,392,444,512,513,494,503,562,571,511,505,477,437,418,556,617,579,626,537,587,563,517,499
mus,hard_coal,49,25,27,28,27,10,20,17,19,14,3,6,3,2,2,2,3,0,1,1,0,1,1,1,1,0,1
mwi,hard_coal,0,0,0,0,0,0,0,0,0,0,0,0,0,0,62,68,79,54,48,32,44,45,53,56,53,71,62
mys,hard_coal,0,0,0,0,0,0,0,16,2,16,31,34,30,30,24,17,18,11,12,17,12,16,4,13,19,16,22
mys,natural_gas,45.94113122,43.28885973,44.14137557,51.24567421,48.59340271,69.71685068,69.71685068,63.55979186,61.7600362,63.55979186,67.06457919,60.90752036,61.7600362,48.59340271,44.9938914,45.94113122,52.95070588,64.41230769,62.70727602,91.79220814,19.50226244,75.02262443,105,105,218.9819005,263.9819005,314.2533937
ncl,hard_coal,69,89,159,130,173,166,268,184,163,147,139,67,48,81,187,250,219,248,201,211,258,210,47,103,109,102,74
nga,hard_coal,651,425,592,652,650,660,701,726,841,679,545,557,602,536,651,706,638,279,2,20,64,206,322,300,290,218,288
nga,natural_gas,0,0,0,0,0,0,0,0,0,0,0,0,0,26.50058824,47.63684163,86.47550226,155.3249955,159.7823167,129.7642353,56.43550226,98.03167421,162.4434389,240.9728507,267.5113122,356.6289593,354.9321267,557.9411765
nld,brown_coal,194,249,237,252,250,254,227,225,221,199,205,233,219,195,202,143,132,89,73,0,0,0,0,0,0,0,0
nld,natural_gas,6.040723982,7.194570136,12.87330317,20.0678733,81.42533937,117.4208145,136.3574661,132.1945701,168.1900452,206.0633484,298.1221719,403.8235294,443.5972851,514.2319005,708.1097285,1386.667647,2630.262217,4750.721267,7834.523982,8509.516878,16256.53846,21047.44344,27204.36652,30013.1448,32217.98643,33067.35294,34474.09502
nld,hard_coal,17296,18066,18042,17650,18023,18492,18914,18434,17657,16697,17498,17636,18025,18518,16876,15663,14422,13030,11619,9296,7314,4735,3952,4157,4469,3919,4351
nor,hard_coal,1495,1520,1257,1251,1168,1138,1115,959,809,809,872,781,904,718,846,1003,930,939,955,1048,1085,1057,965,772,856,752,926
nor,natural_gas,0,0,0,0,0,0,0,0,0,0,0,0,0,0,0,0,0,0,0,0,0,0,0,0,12.78280543,183.0090498,306.3348416
npl,hard_coal,0,0,0,0,0,0,0,0,0,0,0,0,0,0,10,12,13,19,23,24,10,12,24,78,80,47,8
nzl,hard_coal,2470,2208,2553,2354,2444,2419,2474,2484,2580,2671,2881,2809,2449,2623,2767,2544,2523,2245,2089,2193,2115,1935,1997,2291,2433,2266,2302
nzl,brown_coal,285,292,234,204,192,186,208,181,182,173,163,160,150,164,160,161,168,170,172,172,190,162,152,145,144,136,170
pak,natural_gas,0,0,0,0,0,32.01357466,159.4117647,238.3031674,294.2081448,357.4660633,520.1131222,632.7375566,779.841629,977.0588235,1228.461538,1453.61991,1642.60181,1916.244344,2150.40724,2649.230769,2166.493213,2272.873303,2486.515837,2838.823529,3222.058824,3495.135747,3672.307692
pak,hard_coal,1469,1901,1924,1804,1664,1574,2000,1791,1973,1664,2213,2181,2324,2494,2444,2273,1946,1938,2097,1947,1809,1536,1311,1302,1190,1248,1065
per,hard_coal,139,148,187,174,187,136,140,114,221,120,135,165,151,125,137,114,150,167,161,170,68,94,63,81,69,62,68
per,natural_gas,56.81230769,56.82152036,56.82447964,56.81230769,56.81230769,56.82822624,56.81230769,56.82650679,56.81574661,56.83118552,56.82245249,56.8261991,56.82073303,64.02747511,302.6314661,286.6188326,299.2265611,276.5879276,317.3186154,324.8898552,334.3665158,331.719457,324.0497738,319.8868778,333.2352941,431.7420814,478.5520362
phl,brown_coal,162,151,130,155,120,130,152,191,108,140,148,152,163,157,115,95,90,70,32,42,42,41,40,40,56,106,126
pol,natural_gas,189.4108597,286.9556561,335.2470588,357.0226244,407.2144796,453.4445249,478.8222624,486.3933484,492.0769683,530.9988235,675.9973756,852.8991403,955.3917647,1076.978824,1233.719367,1448.710588,1730.351629,2175.945792,2887.278145,3991.369005,5020.542986,5207.488688,5395.40724,5661.900452,5821.199095,6686.425339,7470.678733
pol,brown_coal,1205,1199,1176,1533,1566,1988,1690,1827,2358,3484,3851,4468,5461,9588,14869,17424,19462,20222,22871,26481,28849,30937,34171,34252,34633,36427,36223
pol,hard_coal,51803,56300,59065,63894,67334,70305,75969,80865,79703,84794,88282,90897,93828,98070,99826,99100,99594,100953,105122,109680,113032,115252,119908,120420,124027,133744,141236
pri,natural_gas,0,0,0,0,0,0,0,0,0,0,0,0,0,0,0,0,0,0,0,0,0,0,0,0,0,0,0
prk,brown_coal,150,217,180,402,897,1307,1477,1942,2435,3323,3842,4290,4200,4340,3300,3300,4000,4400,4500,4900,5700,6200,6700,7000,7900,9000,9000
prk,hard_coal,80,100,123,306,1197,2022,2501,3116,4447,5535,6774,7494,8994,9687,11167,14486,15432,16909,19088,20650,22301,34732,27599,30223,30991,32112,33100
prt,hard_coal,1214,827,766,909,662,825,817,887,870,918,834,900,784,881,987,1014,1014,846,801,779,971,599,523,806,672,588,481
qat,natural_gas,0,0,0,0,0,0,0,0,0,0,0,0,0,77.67131222,69.70530317,71.51525792,72.35236199,98.88029864,452.8668416,750.3896561,884.638009,887.2624434,973.7556561,1394.886878,1147.692308,1950.20362,1303.00905
rou,hard_coal,2000,2100,2250,2360,2450,2530,2665,2872,3111,3324,3821,4204,4839,5033,5156,5364,5545,5905,6164,6495,7120,7530,7430,8490,8967,9891,9734
rou,brown_coal,1102,1401,1847,2172,2363,2560,3014,3419,3482,3515,3364,3530,3976,4288,4865,5632,6649,7853,9345,11113,14409,13800,16517,17690,19420,19663,19031
rou,natural_gas,2856.312217,3082.669683,3523.054299,4403.800905,4554.38914,4946.199095,5510.837104,6636.040724,7590.475113,8354.474208,9198.492941,9905.461267,11684.71624,12870.42507,13869.84792,15402.66738,16563.67127,18209.07851,19277.17805,21163.53552,22647.82805,24184.1629,25084.77376,26467.85068,29456.33484,32170.79186,35103.03167
rus,heavy_oil,0,0,0,0,0,0,0,0,0,0,0,0,0,0,0,0,0,0,0,0,0,0,0,0,0,0,0
rus,light_oil,0,0,0,0,0,0,0,0,0,0,0,0,0,0,0,0,0,0,0,0,0,0,0,0,0,0,0
rus,brown_coal,0,0,0,0,0,0,0,0,0,0,0,0,0,0,0,0,0,0,0,0,0,0,0,0,0,0,0
rus,hard_coal,0,0,0,0,0,0,0,0,0,0,0,0,0,0,0,0,0,0,0,0,0,0,0,0,0,0,0
rus,diesel_oil,0,0,0,0,0,0,0,0,0,0,0,0,0,0,0,0,0,0,0,0,0,0,0,0,0,0,0
rus,natural_gas,0,0,0,0,0,0,0,0,0,0,0,0,0,0,0,0,0,0,0,0,0,0,0,0,0,0,0
rwa,natural_gas,0,0,0,0,0,0,0,0,0,0,0,0,0,0,0,0,0.837104072,0.837104072,0.837104072,0.837104072,0.837104072,0.837104072,0.837104072,0.837104072,0.837104072,0.837104072,0.837104072
sau,natural_gas,0,0,0,0,0,0,0,0,0,0,0,0.837104072,10.58823529,13.25791855,570.3167421,908.3936652,1000.271493,1002.93219,1446.902027,1539.621656,0.294117647,2.013574661,249.3438914,435.2036199,476.4705882,485.7466063,513.0995475
scg,diesel_oil,0,0,0,0,0,0,0,0,0,0,0,0,0,0,0,0,0,0,0,0,0,0,0,0,0,0,0
scg,light_oil,0,0,0,0,0,0,0,0,0,0,0,0,0,0,0,0,0,0,0,0,0,0,0,0,0,0,0
scg,heavy_oil,0,0,0,0,0,0,0,0,0,0,0,0,0,0,0,0,0,0,0,0,0,0,0,0,0,0,0
scg,hard_coal,0,0,0,0,0,0,0,0,0,0,0,0,0,0,0,0,0,0,0,0,0,0,0,0,0,0,0
scg,brown_coal,0,0,0,0,0,0,0,0,0,0,0,0,0,0,0,0,0,0,0,0,0,0,0,0,0,0,0
scg,natural_gas,0,0,0,0,0,0,0,0,0,0,0,0,0,0,0,0,0,0,0,0,0,0,0,0,0,0,0
sgp,brown_coal,0,0,0,0,0,0,0,0,0,0,0,0,0,0,0,0,0,0,0,0,0,2,1,1,3,2,0
srb,brown_coal,0,0,0,0,0,0,0,0,0,0,0,0,0,0,0,0,0,0,0,0,0,0,0,0,0,0,0
srb,hard_coal,0,0,0,0,0,0,0,0,0,0,0,0,0,0,0,0,0,0,0,0,0,0,0,0,0,0,0
srb,diesel_oil,0,0,0,0,0,0,0,0,0,0,0,0,0,0,0,0,0,0,0,0,0,0,0,0,0,0,0
srb,natural_gas,0,0,0,0,0,0,0,0,0,0,0,0,0,0,0,0,0,0,0,0,0,0,0,0,0,0,0
srb,heavy_oil,0,0,0,0,0,0,0,0,0,0,0,0,0,0,0,0,0,0,0,0,0,0,0,0,0,0,0
srb,light_oil,0,0,0,0,0,0,0,0,0,0,0,0,0,0,0,0,0,0,0,0,0,0,0,0,0,0,0
svk,brown_coal,0,0,0,0,0,0,0,0,0,0,0,0,0,0,0,0,0,0,0,0,0,0,0,0,0,0,0
svk,natural_gas,0,0,0,0,0,0,0,0,0,0,0,0,0,0,0,0,0,0,0,0,0,0,0,0,0,0,0
svk,heavy_oil,0,0,0,0,0,0,0,0,0,0,0,0,0,0,0,0,0,0,0,0,0,0,0,0,0,0,0
svk,hard_coal,0,0,0,0,0,0,0,0,0,0,0,0,0,0,0,0,0,0,0,0,0,0,0,0,0,0,0
svk,diesel_oil,0,0,0,0,0,0,0,0,0,0,0,0,0,0,0,0,0,0,0,0,0,0,0,0,0,0,0
svk,light_oil,0,0,0,0,0,0,0,0,0,0,0,0,0,0,0,0,0,0,0,0,0,0,0,0,0,0,0
svn,natural_gas,0,0,0,0,0,0,0,0,0,0,0,0,0,0,0,0,0,0,0,0,0,0,0,0,0,0,0
svn,diesel_oil,0,0,0,0,0,0,0,0,0,0,0,0,0,0,0,0,0,0,0,0,0,0,0,0,0,0,0
svn,hard_coal,0,0,0,0,0,0,0,0,0,0,0,0,0,0,0,0,0,0,0,0,0,0,0,0,0,0,0
svn,brown_coal,0,0,0,0,0,0,0,0,0,0,0,0,0,0,0,0,0,0,0,0,0,0,0,0,0,0,0
svn,light_oil,0,0,0,0,0,0,0,0,0,0,0,0,0,0,0,0,0,0,0,0,0,0,0,0,0,0,0
svn,heavy_oil,0,0,0,0,0,0,0,0,0,0,0,0,0,0,0,0,0,0,0,0,0,0,0,0,0,0,0
swe,hard_coal,4836,6003,5666,4235,3831,3675,3306,2690,2396,2429,2417,2136,1974,2001,1907,1835,1889,1891,1679,1644,1685,1470,1138,1122,986,1364,1862
swz,hard_coal,1,1,1,1,1,1,1,1,1,2,12,1,0,0,4,30,76,86,105,115,138,150,143,140,117,127,126
syr,natural_gas,0,0,0,0,0,0,0,0,0,0,0,0,0,0,0,0,0,0,0,88.28054299,0,0,0,0,0,0,102.39819
tha,brown_coal,0,0,4,1,6,42,88,97,103,109,109,109,135,135,104,125,171,335,305,348,400,445,345,361,485,499,594
tha,hard_coal,20,21,22,41,84,37,9,16,13,12,11,0,0,0,0,1,1,2,0,0,0,0,0,1,2,4,2
tha,natural_gas,0,0,0,0,0,0,0,0,0,0,0,0,0,0,0,0,0,0,0,0,0,0,0,0,0,0,0
tjk,light_oil,0,0,0,0,0,0,0,0,0,0,0,0,0,0,0,0,0,0,0,0,0,0,0,0,0,0,0
tjk,hard_coal,0,0,0,0,0,0,0,0,0,0,0,0,0,0,0,0,0,0,0,0,0,0,0,0,0,0,0
tjk,heavy_oil,0,0,0,0,0,0,0,0,0,0,0,0,0,0,0,0,0,0,0,0,0,0,0,0,0,0,0
tjk,natural_gas,0,0,0,0,0,0,0,0,0,0,0,0,0,0,0,0,0,0,0,0,0,0,0,0,0,0,0
tjk,brown_coal,0,0,0,0,0,0,0,0,0,0,0,0,0,0,0,0,0,0,0,0,0,0,0,0,0,0,0
tjk,diesel_oil,0,0,0,0,0,0,0,0,0,0,0,0,0,0,0,0,0,0,0,0,0,0,0,0,0,0,0
tkm,heavy_oil,0,0,0,0,0,0,0,0,0,0,0,0,0,0,0,0,0,0,0,0,0,0,0,0,0,0,0
tkm,hard_coal,0,0,0,0,0,0,0,0,0,0,0,0,0,0,0,0,0,0,0,0,0,0,0,0,0,0,0
tkm,light_oil,0,0,0,0,0,0,0,0,0,0,0,0,0,0,0,0,0,0,0,0,0,0,0,0,0,0,0
tkm,diesel_oil,0,0,0,0,0,0,0,0,0,0,0,0,0,0,0,0,0,0,0,0,0,0,0,0,0,0,0
tkm,natural_gas,0,0,0,0,0,0,0,0,0,0,0,0,0,0,0,0,0,0,0,0,0,0,0,0,0,0,0
tto,natural_gas,418.4841629,414.8868778,421.040724,441.3122172,453.6199095,438.6651584,481.8552036,528.5520362,584.0497738,628.959276,674.7963801,732.9638009,748.7782805,732.9638009,959.3438914,1034.18552,1214.819005,1340.81448,1406.832579,1413.936652,1646.628959,1605.045249,1661.470588,1598.393665,1461.99095,1334.095023,1730.791855
tun,natural_gas,1.040723982,2.081447964,3.122171946,3.122171946,4.162895928,4.162895928,6.244343891,6.244343891,6.244343891,6.244343891,7.285067873,7.285067873,7.285067873,7.285067873,8.325791855,8.325791855,8.325791855,8.325791855,9.366515837,9.366515837,5.20361991,1.040723982,21.01809955,120.678733,213.4162896,223.3710407,226.9683258
tur,brown_coal,747,751,765,942,1085,1188,1320,1726,1781,1668,1612,1443,1956,2369,3036,3149,3694,3585,3825,3914,4220,4589,5468,5770,6111,7070,8259
tur,hard_coal,2832,2962,2877,3657,3690,3498,3718,3969,4075,3849,3899,3688,3984,4230,4513,4392,4839,4541,4557,4870,4739,4646,4638,4609,4708,4612,4942
tza,hard_coal,0,0,0,0,0,0,0,0,0,0,0,0,0,0,0,0,0,0,0,0,6,6,6,4,4,2,6
ukr,brown_coal,0,0,0,0,0,0,0,0,0,0,0,0,0,0,0,0,0,0,0,0,0,0,0,0,0,0,0
ukr,natural_gas,0,0,0,0,0,0,0,0,0,0,0,0,0,0,0,0,0,0,0,0,0,0,0,0,0,0,0
ukr,diesel_oil,0,0,0,0,0,0,0,0,0,0,0,0,0,0,0,0,0,0,0,0,0,0,0,0,0,0,0
ukr,light_oil,0,0,0,0,0,0,0,0,0,0,0,0,0,0,0,0,0,0,0,0,0,0,0,0,0,0,0
ukr,heavy_oil,0,0,0,0,0,0,0,0,0,0,0,0,0,0,0,0,0,0,0,0,0,0,0,0,0,0,0
ukr,hard_coal,0,0,0,0,0,0,0,0,0,0,0,0,0,0,0,0,0,0,0,0,0,0,0,0,0,0,0
ury,hard_coal,128,139,116,81,85,92,101,95,102,54,76,54,47,52,36,46,41,46,37,33,26,37,35,29,32,32,29
usa,natural_gas,146812.511,173023.9471,185246.47,194699.8208,204200.6463,220386.0298,232664.7182,248650.4427,262472.2632,272825.2088,289756.7414,292695.6591,311069.1643,330426.9904,349106.7857,359930.0346,387341.287,405313.0331,430643.7632,468228.6451,487145.1584,504491.1538,513111.7647,507505.2489,483906.1991,449854.6606,457363.4615
usa,hard_coal,478241,462451,409791,406920,348195,392839,410818,394191,341571,354543,356969,345427,358894,384747,409811,428948,447103,463014,454079,461870,474590,453434,461315,493952,492795,487817,539037
usa,brown_coal,3057,2986,2737,2586,2579,2873,2612,2364,2203,2385,2491,2739,2771,2455,2676,2761,3521,4073,4370,4546,5419,5815,9984,12851,14049,17982,23097
uzb,hard_coal,0,0,0,0,0,0,0,0,0,0,0,0,0,0,0,0,0,0,0,0,0,0,0,0,0,0,0
uzb,brown_coal,0,0,0,0,0,0,0,0,0,0,0,0,0,0,0,0,0,0,0,0,0,0,0,0,0,0,0
uzb,natural_gas,0,0,0,0,0,0,0,0,0,0,0,0,0,0,0,0,0,0,0,0,0,0,0,0,0,0,0
uzb,diesel_oil,0,0,0,0,0,0,0,0,0,0,0,0,0,0,0,0,0,0,0,0,0,0,0,0,0,0,0
uzb,light_oil,0,0,0,0,0,0,0,0,0,0,0,0,0,0,0,0,0,0,0,0,0,0,0,0,0,0,0
uzb,heavy_oil,0,0,0,0,0,0,0,0,0,0,0,0,0,0,0,0,0,0,0,0,0,0,0,0,0,0,0
ven,natural_gas,1059.66391,1366.198452,1662.212416,2060.698986,2322.53714,2607.173095,2840.294154,3437.517729,3726.898462,3976.119167,4369.136127,4651.038715,4917.781149,5317.043167,5849.850688,6196.737557,6588.413059,7216.917267,7450.397566,7668.554154,8639.208145,8999.547511,9098.552036,10861.92308,11178.12217,10867.69231,10256.71946
ven,hard_coal,2,29,26,30,33,32,32,36,37,34,35,31,30,57,37,41,38,38,49,59,69,45,53,73,58,67,100
vnm,hard_coal,0,0,0,0,0,828,598,512,1171,1738,2068,2156,2684,2521,2735,2897,3038,2570,2721,2726,2747,2550,1923,2770,3310,4590,4294
yug,brown_coal,11685,10860,10992,10267,12567,13994,15782,16594,17712,19751,21423,22748,23481,26132,28197,27744,28132,25512,25869,25766,27743,30199,29753,31356,32424,34631,36026
yug,natural_gas,31.90045249,27.64705882,29.72850679,55.38461538,59.66063348,72.35294118,81.06334842,89.47963801,98.00904977,103.7782805,116.561086,135.8823529,140.9954751,175.5656109,240.0678733,349.0723982,368.3936652,428.0542986,536.4932127,670.7013575,915.7918552,1053.122172,1300.769231,1396.900452,1521.153846,1536.221719,1621.968326
yug,hard_coal,934,829,936,1131,1371,1955,2462,2788,2046,2365,2456,2634,2327,2575,3403,3394,2378,2407,2295,2363,2251,2661,2482,2558,2608,2869,3312
zaf,hard_coal,23519,24942,27226,27196,28116,31544,32987,34185,36470,35966,37223,38509,39694,41107,43629,47231,46379,48044,50440,51371,52809,56821,56945,60408,63875,66883,70793
zmb,hard_coal,0,0,0,0,0,0,0,0,0,0,0,0,0,0,978,1160,1024,1382,1266,1078,991,860,954,941,787,814,762
zwe,hard_coal,0,0,0,0,0,0,0,0,0,0,0,0,0,0,1295,1414,2023,1671,1987,2098,2533,2703,2417,2758,2620,2213,3412
