"Source","Data.Type","Emission","Region","Sector","Start.Year","End.Year","Source.Comment"
"WPP2015_POP_F01_1_TOTAL_POPULATION_BOTH_SEXES.xlsx","Population",NA,"Global",NA,"1950","2100","UN total population statistics by country. World Population Prospects: The 2015 Revision. Downloaded from: https://esa.un.org/unpd/wpp/Download/Standard/Population/"
"WUP2014-F21-Proportion_Urban_Annual.xlsx","Population",NA,"Global",NA,"1950","2050","UN urban population shares by country. World Urbanization Prospects: The 2014 Revision. Downloaded from: https://esa.un.org/unpd/wpp/Download/Standard/Population/"
"WB_SP.POP.TOTL.csv","Population",NA,"Global",NA,"1960","2014","World Bank total population statistics by country. Pulled from the WDI API using the R package FAOSTAT. Accessed Nov 2015."
"WB_SP.URB.TOTL.csv","Population",NA,"Global",NA,"1960","2014","World Bank urban population shares by country. Pulled from the WDI API using the R package FAOSTAT. Accessed Nov 2015."
"urbanpop_2004Rev_tcm61-36007.xlsx","Population",NA,"Global",NA,"1700","2030","HYDE statistics of total population and urban population shares by country. HYDE version 3.0; UN Population Revision, 2004 Revision."
"Master_Country_List.csv","Mapping",NA,"All",NA,NA,NA,"Master iso/name list for CEDS countries cross referenced to various datasets and regional groupings"
"UN_pop_WB_HYDE_ext_iso_map.xlsx","Mapping",NA,"All",NA,NA,NA,"Region mapping codes taken from FAOSTAT package (translateCountryCode function), for mapping between UN, HYDE, and WB population data regions."
"OECD_and_NonOECD_E_Stat.csv","Energy Consumption",NA,"OECD and non-OECD Countries","All energy","1960","2017","Energy Statistics of OECD and non-OECD Countries (IEA 2019)"
"IEA_product_fuel.csv","Mapping","All","All","All",NA,NA,"File for mapping IEA fuels to CEDS fuels."
"CDIAC_national_1751_2011.csv","World CO2 emissions from Fossil Fuels","CO2","All","Fossil Fuel Combustion","1751","2011","http://cdiac.ornl.gov/trends/emis/overview_2008.html
DOI: 10.3334/CDIAC/00001_V2015"
"CDIAC_country_map.csv","Unknown","Unknown","Unknown","Unknown","Unknown","Unknown","Metadata input file missing for data file CDIAC_country_map"
"USGS_Commodity_Summaries_Cement_Production.xlsx","Cement Production",NA,"All",NA,"2002","2016","Hydraulic cement production by country (thousand metric tons). Source: see the Notes tab of the associated data file for sources"
"IEA_adjustment_Canada.csv","Energy Statistics Adjustment",NA,"Canada","Agriculture gas/diesel oil","1983","1983","Smooth out 1983 spike to equal 1982+1984 average"
"IEA_adjustment_China_coal.csv","Energy Statistics Adjustment",NA,"China","Heat and Electricity (and CHP)","1978","2006","Re-allocate between sectors to create continuous time series"
"IEA_adjustment_China_diesel.csv","Energy Statistics Adjustment",NA,"China","Road Transportation","2008","2012","Scale diesel consumption to match MEIC"
"IEA_adjustment_China_diesel_discont.csv","Energy Statistics Adjustment",NA,"China","Agriculture, Commercial and Public Services, Road Transportation ","1999","1999","Scale diesel consumption to correct 1999-2000 discontinuity"
"IEA_adjustment_OtherAsia.csv","Energy Statistics Adjustment",NA,"Other non-OECD Asia","Industry Non-specified","1971","1984","Set brown coal and lignite consumption to 0"
"IEA_adjustment_USA_kerosene.csv","Energy Statistics Adjustment",NA,"usa","1A4a_Commercial-institutional","1960","1969","Re-distribute unspecified Kerosene to specific sectors"
"IEA_adjustment_USA_kerosene.csv","Energy Statistics Adjustment",NA,"usa","1A4b_Residential","1960","1969","Re-distribute unspecified Kerosene to specific sectors"
"IEA_adjustment_USA_kerosene.csv","Energy Statistics Adjustment",NA,"usa","1A5_Other-unspecified","1960","1969","Re-distribute unspecified Kerosene to specific sectors"
"IEA_adjustment_USA_kerosene.csv","Energy Statistics Adjustment",NA,"usa","1A4c_Agriculture-forestry-fishing","1960","1969","Re-distribute unspecified Kerosene to specific sectors"
"IEA_adjustment_USA_offroad_diesel.csv","Energy Statistics Adjustment",NA,"usa","construction and agriculture","1960","2010","Replaces values with corrected energy statistics taken from EIA (after 1984) and extrapolated with total diesel use previously"
"IEA_adjustment_USA_offroad_gasoline.csv","Energy Statistics Adjustment",NA,"usa","road","1960","2017","Reduce reported road gasoline consumption by amount below."
"IEA_adjustment_USA_offroad_gasoline.csv","Energy Statistics Adjustment",NA,"usa","other RCO","1960","2017","Additional off-road gasoline consumption originally reported in road. Estimated from EPA GHG data from 1990-2017"
"A1.3.IEA_downscale_ctry.R","Energy Consumption",NA,"Former Soviet Union","Consumption","1971","1990","Natural gas liquids (kt) in final consumption go uncounted before 1990 since shares cannot be calculated from 1990 values"
"A1.3.IEA_downscale_ctry.R","Energy Consumption",NA,"Former Yugoslavia","Consumption","1971","1990","Natural gas liquids (kt) in final consumption go uncounted before 1990 since shares cannot be calculated from 1990 values"
"IEA_flow_sector.csv","Mapping","All","All","All",NA,NA,"File for mapping IEA flow sectors to CEDS sectors."
"IEA_process_sectors.csv","Unknown","Unknown","Unknown","Unknown","Unknown","Unknown","Metadata input file missing for data file IEA_process_sectors"
"IEA_process_coal.csv","Unknown","Unknown","Unknown","Unknown","Unknown","Unknown","Metadata input file missing for data file IEA_process_coal"
"Master_Fuel_Sector_List.xlsx","Mapping",NA,"All",NA,NA,NA,"Master list of fuels and sectors used in CEDS"
"IEA_energy_balance_factor.csv","Energy",NA,"Global","Energy production and transformation sectors","1960","2017","IEA energy production and transformation balance correction factors."
"Fernandes_Biofuels_9.xlsx","Energy Consumption",NA,"Global","Residential","1850","2000","Residential biomass consumption by country and fuel type. Fernandes et al (2007), Global biofuel use, 1850-2000."
"biomass_heat_content.xlsx","Heat content",NA,"Global","Residential",NA,NA,"Biomass heat content. Calculated from Fernandes et al (2007), Yevich & Logan (2002)"
"Fernandes_proxy_country_mapping.csv","Unknown","Unknown","Unknown","Unknown","Unknown","Unknown","Metadata input file missing for data file Fernandes_proxy_country_mapping"
"IEA_energy_balance_factor-unnecessary_combinations.csv","Energy Consumption",NA,"All","Energy Production and Transformation","1960","2017","IEA FLOW and PRODUCT combinations for energy transformation and production sectors which do not exist in A.IEA_en_stat_ctry_hist_full.csv. but are within IEA_energy_balance_factor-unnecessary_combinations.csv..."
"CO2_Annual_Net_emissions_removals_in_kt.csv","Emissions","CH4","UNFCCC Annex 1 Countries","All Available Sectors","1990","2018","Emissions inventories of UNFCCC Countries (http://di.unfccc.int/flex_annex1, Report produced on Feburary 4 2021)"
"UNFCCC_CO2_scaling_mapping.csv","Unknown","Unknown","Unknown","Unknown","Unknown","Unknown","Metadata input file missing for data file UNFCCC_CO2_scaling_mapping"
"EIA-data/EIA_MER_T04_03_Natural_gas.csv","Natural Gas Consumption",NA,"USA","All nat gas-consuming sectors","1949","2017","EIA Monthly/Annual Energy Review, natural gas heating content,  Downloaded July 18 2018, https://www.eia.gov/totalenergy/data/browser/csv.php?tbl=T04.03"
"EIA-data/EIA_MER_T06_02_Coal.csv","Coal Consumption",NA,"USA","All coal-consuming sectors","1949","2017","EIA Monthly/Annual Energy Review, natural gas heating content,  Downloaded July 18 2018, https://www.eia.gov/totalenergy/data/browser/csv.php?tbl=T04.03"
"EIA-data/unit-conversion/EIA_MER_TA3_Oil_heat_content.csv","Oil Heating Content",NA,"USA","All oil-consuming sectors","1949","2017","EIA Annual Energy Review, oil heating content,  Downloaded July 18 2018, https://www.eia.gov/totalenergy/data/browser/csv.php?tbl=TA4"
"EIA-data/unit-conversion/EIA_MER_TA4_Natural_gas_heat_content.csv","Natural Gas Heating Content",NA,"USA","All nat gas-consuming sectors","1949","2017","EIA Annual Energy Review, natural gas heating content,  Downloaded July 18 2018, https://www.eia.gov/totalenergy/data/browser/csv.php?tbl=TA4"
"EIA-data/unit-conversion/Table_10.2b_Renewable_Energy_Consumption___Industrial_and_Transportation_Sectors.xlsx.xlsx","Unknown","Unknown","Unknown","Unknown","Unknown","Unknown","Metadata input file missing for data file EIA-data/unit-conversion/Table_10.2b_Renewable_Energy_Consumption___Industrial_and_Transportation_Sectors.xlsx"
"EIA-data/unit-conversion/Table_10.2a_Renewable_Energy_Consumption___Residential_and_Commercial_Sectors.xlsx.xlsx","Unknown","Unknown","Unknown","Unknown","Unknown","Unknown","Metadata input file missing for data file EIA-data/unit-conversion/Table_10.2a_Renewable_Energy_Consumption___Residential_and_Commercial_Sectors.xlsx"
"A.GBR_historical_coal_aggsec_sector_map.csv","Unknown","Unknown","Unknown","Unknown","Unknown","Unknown","Metadata input file missing for data file A.GBR_historical_coal_aggsec_sector_map"
"A.US-EIA_energy_data_aggsec_sector_map.csv","Unknown","Unknown","Unknown","Unknown","Unknown","Unknown","Metadata input file missing for data file A.US-EIA_energy_data_aggsec_sector_map"
"A.US-EIA_energy_data_aggsec-mapping.xlsx","Unknown","Unknown","Unknown","Unknown","Unknown","Unknown","Metadata input file missing for data file A.US-EIA_energy_data_aggsec-mapping"
"A.US-EIA_energy_data_CEDSsec-mapping.xlsx","Unknown","Unknown","Unknown","Unknown","Unknown","Unknown","Metadata input file missing for data file A.US-EIA_energy_data_CEDSsec-mapping"
"U.NGA_ETH_biomass-mapping.xlsx","Unknown","Unknown","Unknown","Unknown","Unknown","Unknown","Metadata input file missing for data file U.NGA_ETH_biomass-mapping"
"U.aircraft_fix.csv","Energy Consumption",NA,"All","1A3_Aviation","1750","1945","CEDS assumption. Values for global oil consumption for aviation are zero for all years before 1925."
"Coal_since_1853.xls","Coal Consumption",NA,"United Kingdom","All coal-consuming sectors","1853","2016","Department for Business, Energy & Industrial Strategy: https://www.gov.uk/government/statistical-data-sets/historical-
# coal-data-coal-production-availability-and-consumption-1853-to-2011"
"Primarenergie_Elektrische_Energie.csv","Coal Consumption",NA,"Germany","All coal-consuming sectors","1860","1974","Primarenergie Elektrische Energie - Germany Table SKE (Schilling et al. 1977, https://www.unitjuggler.com/convert-energy-from-tSKE-to-kJ.html). It is assumed that total fuel consumption values provided here exclude international bunkers."
"U.DEU_Etemad_Luciani_1800-1890_brown_coal.csv","Brown Coal Consumption",NA,"DEU","All","1800","1859","Etemad, B., J. Luciani, P. Bairoch, and J.-C. Toutain. 1991. World Energy Production 1800-1985. Librarie DROZ, Switzerland. Values hand transcribed from pages 20, 21, 23, 42, and 43. Brown coal values from 1801-1831 were derived by subtracting hard coal values from total coal values (as hard coal is assumed to be CEDS hard_coal and CEDS coal_coke). Brown coal and hard coal data for 1800 were determined by applying their relative amounts in 1801 to 1800. Values between years provided by Etemad et al. were determined by linearly interpolating available data. Total coal consumption from 1832-1895 was determined by summing brown coal and hard coal data."
"U.DEU_Etemad_Luciani_1800-1890_coal.csv","Coal Consumption",NA,"DEU","All","1800","1859","Etemad, B., J. Luciani, P. Bairoch, and J.-C. Toutain. 1991. World Energy Production 1800-1985. Librarie DROZ, Switzerland. Values hand transcribed from pages 20, 21, 23, 42, and 43. Brown coal values from 1801-1831 were derived by subtracting hard coal values from total coal values (as hard coal is assumed to be CEDS hard_coal and CEDS coal_coke). Brown coal and hard coal data for 1800 were determined by applying their relative amounts in 1801 to 1800. Values between years provided by Etemad et al. were determined by linearly interpolating available data. Total coal consumption from 1832-1895 was determined by summing brown coal and hard coal data."
"U.NGA_ETH_biomass.csv","Biomass",NA,"nga","1A4b_Residential","1990","2019","UN Fuelwood Statistics + ag waste from Marais & Wiedinmyer 2016, extrapolated to match Fernandes et al. per capita biofuel use in 1920"
"U.NGA_ETH_biomass.csv","Biomass",NA,"eth","1A4b_Residential","1990","2019","UN Fuelwood Statistics + ag waste from Marais & Wiedinmyer 2016, extrapolated to match Fernandes et al. per capita biofuel use in 1920"
"Shipping_Fuel_Consumption.xlsx","Unknown","Unknown","Unknown","Unknown","Unknown","Unknown","Metadata input file missing for data file Shipping_Fuel_Consumption"
"CEDS_historical_extension_drivers_activity.csv","activity data","all","all","all","1750","2020","File specifies how activity levels are extended back in time"
"FAO_wood_pulp_activity.csv","Wood pulp production",NA,"All",NA,"1961","2014","FAO wood pulp production data."
"activity_input_mapping.csv","Mapping",NA,"All",NA,NA,NA,"Mapping between filename and string identifier for activity data"
"CDIAC_fuel_map.csv","Unknown","Unknown","Unknown","Unknown","Unknown","Unknown","Metadata input file missing for data file CDIAC_fuel_map"
"OECD_and_NonOECD_Conversion_Factors_Full.csv","World Energy Coversion Factors",NA,"OECD and non-OECD Countries","All energy","1960","2017","Energy Statistics of OECD and non-OECD Countries (IEA 2019) - Used for heat content and conversion factors"
"CO2_base_EF.xlsx","Emissions Coefficient","CO2","All","All","x","x","CO2 emissions coefficient from CDIAC and EIA. Source: http://cdiac.ornl.gov/epubs/ndp/ndp030/tables/table4.htm; http://cdiac.ornl.gov/pns/convert.html; https://www.eia.gov/environment/emissions/co2_vol_mass.cfm"
"v50_CO2_excl_short-cycle_org_C_1970_2018.xls","Emissions","CO2","All","All","1970","2018","EDGAR v5"
"NC_EDGAR_sector_mapping.csv","Unknown","Unknown","Unknown","Unknown","Unknown","Unknown","Metadata input file missing for data file NC_EDGAR_sector_mapping"
"GAINS_super_emitter-sec_map.csv","Mapping",NA,"All","Super emitter sectors",NA,NA,"Mapping of GAINS super emitter sectors to GAINS regular sectors"
"Global by region-detail_emf30_activity_noSE.csv","Activity","All","All","All Antro","1990","2050","ECLIPSE v6b CLE (updated from: Klimont et al. 2017 Atmos. Chem. Phys., 17, 8681:8723, 2017 https://doi.org/10.5194/acp-17-8681-2017)"
"CDB1.1.GAINS_super_emitters.R","Emissions","All","All","All","1990","2050","GAINS emissions data after accounting for super emitters within CEDS_Data script CDB1.1.GAINS_super_emitters.R"
"Global by region-detail_emf30_BC_noSE.csv","Emissions","BC","All","All Antro","1990","2050","ECLIPSE v6b CLE (updated from: Klimont et al. 2017 Atmos. Chem. Phys., 17, 8681:8723, 2017 https://doi.org/10.5194/acp-17-8681-2017) - excludes super emitters"
"Global_EV6_high-emitter emissions by EMF30 regions.xlsx","Emissions","BC CO NOx OC VOC","All","All Antro","1990","2050","ECLIPSE v6b CLE (updated from: Klimont et al. 2017 Atmos. Chem. Phys., 17, 8681:8723, 2017 https://doi.org/10.5194/acp-17-8681-2017) - super emitters only"
"Global by region-detail_emf30_CH4_noSE.csv","Emissions","CH4","All","All Antro","1990","2050","ECLIPSE v6b CLE (updated from: Klimont et al. 2017 Atmos. Chem. Phys., 17, 8681:8723, 2017 https://doi.org/10.5194/acp-17-8681-2017) - excludes super emitters"
"Global by region-detail_emf30_CO_noSE.csv","Emissions","CO","All","All Antro","1990","2050","ECLIPSE v6b CLE (updated from: Klimont et al. 2017 Atmos. Chem. Phys., 17, 8681:8723, 2017 https://doi.org/10.5194/acp-17-8681-2017) - excludes super emitters"
"Global by region-detail_emf30_CO2_noSE.csv","Emissions","CO2","All","All Antro","1990","2050","ECLIPSE v6b CLE (updated from: Klimont et al. 2017 Atmos. Chem. Phys., 17, 8681:8723, 2017 https://doi.org/10.5194/acp-17-8681-2017) - excludes super emitters"
"emf-30_ctry_map.csv","Mapping",NA,"All",NA,NA,NA,"GAINS region to CEDS iso mapping"
"emf-30_fuel_sector_map.csv","Mapping",NA,"All",NA,NA,NA,"GAINS sector to CEDS fuel/sector mapping"
"bp-stats-review-2020-all-data.xlsx","Energy Consumption, Production, and Reserves",NA,"All","Energy Production and Total Consumption","1965","2019","2020 BP Statistical Review of World Energy http://www.bp.com/statisticalreview"
"PM25_Inventory.xlsx","Unknown","Unknown","Unknown","Unknown","Unknown","Unknown","Metadata input file missing for data file PM25_Inventory"
"Waste_burning_pct_parameters.csv","Unknown","Unknown","Unknown","Unknown","Unknown","Unknown","Metadata input file missing for data file Waste_burning_pct_parameters"
"Global_Emissions_of_Pollutants_from_Open_Burning_of_Domestic_Waste.xlsx","Emissions","All","All","Waste incineration","2010","2010","Year 2010 estimates from Wiedinmyer etal 2014 (Environ. Sci. Technol. 2014, 48, 9523_9530)"
"Global_Emissions_of_Pollutants_from_Open_Burning_of_Domestic_Waste.xlsx","Waste Driver","All","ind","Waste incineration","2010","2010","Year 2010 estimates trended back from Sharma et al. (2019) Environ. Sci. Technol. 2019, 53, 4765_4774 estimate of waste burnt (assuming 30% combusted)"
"Wiedinmyer_domestic_waste_EF.csv","Unknown","Unknown","Unknown","Unknown","Unknown","Unknown","Metadata input file missing for data file Wiedinmyer_domestic_waste_EF"
"EDGAR42_N2O.csv","Emissions","N2O","All","All","1970","2008","EDGAR v4.2"
"EDGAR42_NOx.csv","Emissions","Nox","All","All","1970","2008","EDGAR v4.2"
"All","Emissions","all","all","all","1750","2020","This file identifies inventory data (in standard CEDS format) that should be added to the default emissions dataset. Data is extended forward and backward w/ trends from inventory default (generally EDGAR)."
"C.CO2_NC_emissions_user_added.csv","Unknown","Unknown","Unknown","Unknown","Unknown","Unknown","Metadata input file missing for data file C.CO2_NC_emissions_user_added"
"CO2_waste_fossil_fraction.csv","Emissions Coefficient","CO2","All","Waste incineration","x","x","Fraction of fossil fuel in CO2 emissions from waste burning. Compiled from several sources (see Wiki for details)"
"CEDS_historical_extension_methods_EF.csv","emission factor","all","all","all","1750","2020","File contains instructions on how EFs are extended back in time"
"H.CO2_1A1bc_Other-transformation-process-E.CO2_CDIAC_Total_CO2_EF-trend.csv","Unknown","Unknown","Unknown","Unknown","Unknown","Unknown","Metadata input file missing for data file H.CO2_1A1bc_Other-transformation-process-E.CO2_CDIAC_Total_CO2_EF-trend"
"H.CO2_1B1_Fugitive-solid-fuels-process-U.1B1_Fugitive-solid-fuels_Biomass_Driver_EF-trend.csv","Unknown","Unknown","Unknown","Unknown","Unknown","Unknown","Metadata input file missing for data file H.CO2_1B1_Fugitive-solid-fuels-process-U.1B1_Fugitive-solid-fuels_Biomass_Driver_EF-trend"
"H.CO2_1B1_Fugitive-solid-fuels-process-U.1B1_Fugitive-solid-fuels_CoalCO2_Driver_EF-trend.csv","Unknown","Unknown","Unknown","Unknown","Unknown","Unknown","Metadata input file missing for data file H.CO2_1B1_Fugitive-solid-fuels-process-U.1B1_Fugitive-solid-fuels_CoalCO2_Driver_EF-trend"
"H.CO2_1B2b_Fugitive-NG-distr-process-E.CO2_CDIAC_liquid_and_gas_EF-trend.csv","Unknown","Unknown","Unknown","Unknown","Unknown","Unknown","Metadata input file missing for data file H.CO2_1B2b_Fugitive-NG-distr-process-E.CO2_CDIAC_liquid_and_gas_EF-trend"
"H.CO2_1B2b_Fugitive-NG-prod-process-E.CO2_CDIAC_liquid_and_gas_EF-trend.csv","Unknown","Unknown","Unknown","Unknown","Unknown","Unknown","Metadata input file missing for data file H.CO2_1B2b_Fugitive-NG-prod-process-E.CO2_CDIAC_liquid_and_gas_EF-trend"
"H.CO2_1B2d_Fugitive-other-energy-process-E.CO2_CDIAC_liquid_and_gas_EF-trend.csv","Unknown","Unknown","Unknown","Unknown","Unknown","Unknown","Metadata input file missing for data file H.CO2_1B2d_Fugitive-other-energy-process-E.CO2_CDIAC_liquid_and_gas_EF-trend"
"H.CO2_1B2_Fugitive-petr-process-A.crude_oil_production_extension_data_EF-trend.csv","Unknown","Unknown","Unknown","Unknown","Unknown","Unknown","Metadata input file missing for data file H.CO2_1B2_Fugitive-petr-process-A.crude_oil_production_extension_data_EF-trend"
"H.CO2_2A1_Cement-production-process-E.CO2_Andrew_Cement_EF-trend.csv","Unknown","Unknown","Unknown","Unknown","Unknown","Unknown","Metadata input file missing for data file H.CO2_2A1_Cement-production-process-E.CO2_Andrew_Cement_EF-trend"
"H.CO2_2A2_Lime-production-process-E.CO2_Andrew_Cement_EF-trend.csv","Unknown","Unknown","Unknown","Unknown","Unknown","Unknown","Metadata input file missing for data file H.CO2_2A2_Lime-production-process-E.CO2_Andrew_Cement_EF-trend"
"H.CO2_2C_Metal-production-process-E.CO2_CDIAC_solid_fuel_EF-trend.csv","Unknown","Unknown","Unknown","Unknown","Unknown","Unknown","Metadata input file missing for data file H.CO2_2C_Metal-production-process-E.CO2_CDIAC_solid_fuel_EF-trend"
"IEA_start_date.xlsx","Unknown","Unknown","Unknown","Unknown","Unknown","Unknown","Metadata input file missing for data file IEA_start_date"
"160227_SPEW_BCOCemission.xlsx","Emissions","BC","All","All","1850","2010","SPEW database. Bond et al. 2007. ver. 02-27-2016"
"160227_SPEW_BCOCemission.xlsx","Emissions","OC","All","All","1850","2010","SPEW database. Bond et al. 2007. ver. 02-27-2016"
"Europe_wooduse_Europe_TNO_4_Steve.xlsx","Energy Consumption",NA,"Europe","Residential","2005","2005","Residential biomass consumption for 42 European countries. Denier van der Gon et al (2015), Particulate emissions from residential wood combustion in Europe _ revised estimates and an evaluation."
"EIA_Table_10.2a_Renewable_Energy_Consumption___Residential_and_Commercial_Sectors.xlsx","Energy Consumption",NA,"USA","Residential","1949","2014","Residential renewables consumption for the U.S. by fuel type. U.S. EIA January 2020 Monthly Energy Review. Released January 28, 2020. Downloaded from: http://www.eia.gov/totalenergy/data/monthly/#renewable."
"IEA_biomass_double_counting.xlsx","Energy Consumption",NA,"Global","Residential","1960","2013","Residential biomass consumption double counting diagnostic. Utilized to decide which iso + year combinations need to have their adjustment to residential biomass consumption subtracted from IEA's other (ONONSPEC) biomass consumption. Created from A2.2.IEA_biomass_fix.R's  A.IEA_biomass_double_counting.csv diagnostic output file."
"Master_Sector_Level_map.csv","Mapping",NA,"All",NA,NA,NA,"Master list of CEDS sectors at varying aggregate levels."
"IEA_iso_start_data.csv","Parameter","All","All","All",NA,NA,"Defines the year for which IEA energy data begins for a given country or region within CEDS. These years are used while calculating energy extension sector shares for CEDS fuels. Countries/regions will retain default CEDS shares (coming from IEA data) beginning with the start_year within this file. Previous years will be an extended blend of default CEDS shares and BOND shares. In general OECD countries/regions have a start_year of 1960, while non-OECD countries/regions have a start_year of 1971."
"IEA_iso_start_data.csv","Parameter","All","Germany (deu)","All",NA,NA,"While Germany (represented by the iso deu in CEDS) is an OECD country with IEA energy data back to 1960 the CEDS system has defined Germany's start_year as 1971 for extension purposes as IEA data before this year refers only to West Germany."
