"Source","Data.Type","Emission","Region","Sector","Start.Year","End.Year","Source.Comment"
"Master_Country_List.csv","Mapping",NA,"All",NA,NA,NA,"Master iso/name list for CEDS countries cross referenced to various datasets and regional groupings"
"NMVOC_Australia_UNFCCC_and_NPI_2018Update.xlsx","Emissions","NMVOC","Australia","All","1999","2019","Australia National Pollutant Inventory (http://www.npi.gov.au/)"
"Australia_scaling_mapping.csv","Mapping","All","Australia","All",NA,NA,"Emission scaling instructions and sector mapping for emission scaling "
"Master_Fuel_Sector_List.xlsx","Mapping",NA,"All",NA,NA,NA,"Master list of fuels and sectors used in CEDS"
"Taiwan_emissions.xlsx","Emissions","All","Taiwan","All","2003","2010","http://teds.epa.gov.tw/. Various databases and documents."
"Taiwan_NMVOC_scaling_mapping.csv","Mapping","All","Taiwan","All",NA,NA,"Emission sector mapping for emission scaling. For Taiwan NMVOC map all to process sectors since these dominate emissions at sector level (and don't have non-combustion. Breakout for earlier years. This potentially double counts combustion emissions, but these are small for these years.)"
"Air_pollutants_South_Korea_1999_2017_translation.xlsx","Emissions","NOx, NMVOC, CO, SO2, PM2.5","Korea","All","1999","2017","http://airemiss.nier.go.kr/"
"S_Korea_scaling_mapping.csv","Mapping","All","Korea (South)","All",NA,NA,"Emission scaling instructions and sector mapping for emission scaling "
"Japan/CEDS_REAS_JAPAN.xlsx","Emissions","All","Japan","All","1950","2010","REAS ver 3 preliminary version-20150112 (update to Kurokawa et al. 2013, Atmos. Chem. Phys., 13, 11019�11058, 2013)"
"jpn_scaling_mapping.csv","Mapping","All","Japan","All",NA,NA,"Emission scaling instructions and sector mapping for emission scaling "
"Argentina Inventario 1990-2012-ipcc1996.xlsx","Emissions","All","Argentina","All","1990","2012","National Inventory submitted to UNFCCC "
"Argentina_scaling_mapping.csv","Mapping","All","Argentina","All",NA,NA,"Emission scaling instructions and sector mapping for emission scaling "
"Fig3_MEIC_detail_Zheng_etal_2018.xlsx","Emissions","All","chn","All","2010","2017","Zheng, B., Tong, D., Li, M., Liu, F., Hong, C., Geng, G., Li, H., Li, X., Peng, L., Qi, J., Yan, L., Zhang, Y., Zhao, H., Zheng, Y., He, K., and Zhang, Q.: Trends in China's anthropogenic emissions since 2010 as the consequence of clean air actions, Atmos. Chem. Phys., 18, 14095-14111, https://doi.org/10.5194/acp-18-14095-2018, 2018. (minus ferrous metal smelting SO2 process estimate)"
"MEIC_2018_NMVOC_scaling_mapping.csv","Scaling Mapping","All","chn","All","2010","2017","Emission scaling instructions and sector mapping for emission scaling. Fugitive emissions are included in MEIC only for NMVOC."
"CEDS_MEIC_Emissions_2rdLevel_20160226_plus.xlsx","Emissions","All","chn","All","2008","2012","http://www.meicmodel.org/ emissions (plus CEDS estimate of SO2 emissions from non-ferrous metal smelting)"
"MEIC_scaling_mapping.csv","Mapping","All","China","All",NA,NA,"Emission scaling instructions and sector mapping for emission scaling "
"REAS32_NMVOC_scaling_mapping.csv","Unknown","Unknown","Unknown","Unknown","Unknown","Unknown","Metadata input file missing for data file REAS32_NMVOC_scaling_mapping"
"REAS_scaling_mapping.csv","Mapping","All","REAS Countries","All",NA,NA,"Emission scaling instructions and sector mapping for emission scaling "
"NMVOC.zip","Emissions","NMVOC","UNFCCC Countries","All Antro","1990","2012","Emissions inventories of UNFCCC Countries (2015)"
"E.UNFCCC_emissions.R","Default Emissions",NA,"Russian Federation, Monaco & Liechtenstein","All","1990","2012","The Russian Federation's emissions are too low to be accurate, and have thus been removed. Additionally Liechtenstein and Monaco emissions have been removed temporarily."
"UNFCCC_scaling_mapping.csv","Mapping","All","UNFCCC Countries","All",NA,NA,"Emission scaling instructions and sector mapping for emission scaling "
"EMEP_NFR14_LEVEL1_NMVOC.csv","Emissions","NMVOC","European regions","All","1980","2017","EMEP emissions inventory"
"EMEP_NFR14_scaling_mapping.csv","Mapping","All","EMEP Countries","All",NA,NA,"Emission scaling instructions and sector mapping for emission scaling "
"EMEP_NFR09_scaling_mapping.csv","Mapping","All","EMEP Countries","All",NA,NA,"Emission scaling instructions and sector mapping for emission scaling "
"v50_NMVOC_1970_2015.xls","Emissions","NMVOC","All","All","1970","2015","EDGAR v5"
"Edgar_scaling_mapping.csv","Mapping","All","All","All",NA,NA,"Emission scaling instructions and sector mapping for emission scaling "
"EIA-data/EIA_MER_T04_03_Natural_gas.csv","Natural Gas Consumption",NA,"USA","All nat gas-consuming sectors","1949","2017","EIA Monthly/Annual Energy Review, natural gas heating content,  Downloaded July 18 2018, https://www.eia.gov/totalenergy/data/browser/csv.php?tbl=T04.03"
"EIA-data/EIA_MER_T06_02_Coal.csv","Coal Consumption",NA,"USA","All coal-consuming sectors","1949","2017","EIA Monthly/Annual Energy Review, natural gas heating content,  Downloaded July 18 2018, https://www.eia.gov/totalenergy/data/browser/csv.php?tbl=T04.03"
"EIA-data/unit-conversion/EIA_MER_TA3_Oil_heat_content.csv","Oil Heating Content",NA,"USA","All oil-consuming sectors","1949","2017","EIA Annual Energy Review, oil heating content,  Downloaded July 18 2018, https://www.eia.gov/totalenergy/data/browser/csv.php?tbl=TA4"
"EIA-data/unit-conversion/EIA_MER_TA4_Natural_gas_heat_content.csv","Natural Gas Heating Content",NA,"USA","All nat gas-consuming sectors","1949","2017","EIA Annual Energy Review, natural gas heating content,  Downloaded July 18 2018, https://www.eia.gov/totalenergy/data/browser/csv.php?tbl=TA4"
"EIA-data/unit-conversion/Table_10.2b_Renewable_Energy_Consumption___Industrial_and_Transportation_Sectors.xlsx.xlsx","Unknown","Unknown","Unknown","Unknown","Unknown","Unknown","Metadata input file missing for data file EIA-data/unit-conversion/Table_10.2b_Renewable_Energy_Consumption___Industrial_and_Transportation_Sectors.xlsx"
"EIA-data/unit-conversion/Table_10.2a_Renewable_Energy_Consumption___Residential_and_Commercial_Sectors.xlsx.xlsx","Unknown","Unknown","Unknown","Unknown","Unknown","Unknown","Metadata input file missing for data file EIA-data/unit-conversion/Table_10.2a_Renewable_Energy_Consumption___Residential_and_Commercial_Sectors.xlsx"
"A.GBR_historical_coal_aggsec_sector_map.csv","Unknown","Unknown","Unknown","Unknown","Unknown","Unknown","Metadata input file missing for data file A.GBR_historical_coal_aggsec_sector_map"
"A.US-EIA_energy_data_aggsec_sector_map.csv","Unknown","Unknown","Unknown","Unknown","Unknown","Unknown","Metadata input file missing for data file A.US-EIA_energy_data_aggsec_sector_map"
"A.US-EIA_energy_data_aggsec-mapping.xlsx","Unknown","Unknown","Unknown","Unknown","Unknown","Unknown","Metadata input file missing for data file A.US-EIA_energy_data_aggsec-mapping"
"A.US-EIA_energy_data_CEDSsec-mapping.xlsx","Unknown","Unknown","Unknown","Unknown","Unknown","Unknown","Metadata input file missing for data file A.US-EIA_energy_data_CEDSsec-mapping"
"U.NGA_ETH_biomass-mapping.xlsx","Unknown","Unknown","Unknown","Unknown","Unknown","Unknown","Metadata input file missing for data file U.NGA_ETH_biomass-mapping"
"U.aircraft_fix.csv","Energy Consumption",NA,"All","1A3_Aviation","1750","1945","CEDS assumption. Values for global oil consumption for aviation are zero for all years before 1925."
"Coal_since_1853.xls","Coal Consumption",NA,"United Kingdom","All coal-consuming sectors","1853","2016","Department for Business, Energy & Industrial Strategy: https://www.gov.uk/government/statistical-data-sets/historical-
# coal-data-coal-production-availability-and-consumption-1853-to-2011"
"Primarenergie_Elektrische_Energie.csv","Coal Consumption",NA,"Germany","All coal-consuming sectors","1860","1974","Primarenergie Elektrische Energie - Germany Table SKE (Schilling et al. 1977, https://www.unitjuggler.com/convert-energy-from-tSKE-to-kJ.html). It is assumed that total fuel consumption values provided here exclude international bunkers."
"U.DEU_Etemad_Luciani_1800-1890_brown_coal.csv","Brown Coal Consumption",NA,"DEU","All","1800","1859","Etemad, B., J. Luciani, P. Bairoch, and J.-C. Toutain. 1991. World Energy Production 1800-1985. Librarie DROZ, Switzerland. Values hand transcribed from pages 20, 21, 23, 42, and 43. Brown coal values from 1801-1831 were derived by subtracting hard coal values from total coal values (as hard coal is assumed to be CEDS hard_coal and CEDS coal_coke). Brown coal and hard coal data for 1800 were determined by applying their relative amounts in 1801 to 1800. Values between years provided by Etemad et al. were determined by linearly interpolating available data. Total coal consumption from 1832-1895 was determined by summing brown coal and hard coal data."
"U.DEU_Etemad_Luciani_1800-1890_coal.csv","Coal Consumption",NA,"DEU","All","1800","1859","Etemad, B., J. Luciani, P. Bairoch, and J.-C. Toutain. 1991. World Energy Production 1800-1985. Librarie DROZ, Switzerland. Values hand transcribed from pages 20, 21, 23, 42, and 43. Brown coal values from 1801-1831 were derived by subtracting hard coal values from total coal values (as hard coal is assumed to be CEDS hard_coal and CEDS coal_coke). Brown coal and hard coal data for 1800 were determined by applying their relative amounts in 1801 to 1800. Values between years provided by Etemad et al. were determined by linearly interpolating available data. Total coal consumption from 1832-1895 was determined by summing brown coal and hard coal data."
"U.NGA_ETH_biomass.csv","Biomass",NA,"nga","1A4b_Residential","1990","2019","UN Fuelwood Statistics + ag waste from Marais & Wiedinmyer 2016, extrapolated to match Fernandes et al. per capita biofuel use in 1920"
"U.NGA_ETH_biomass.csv","Biomass",NA,"eth","1A4b_Residential","1990","2019","UN Fuelwood Statistics + ag waste from Marais & Wiedinmyer 2016, extrapolated to match Fernandes et al. per capita biofuel use in 1920"
"WPP2015_POP_F01_1_TOTAL_POPULATION_BOTH_SEXES.xlsx","Population",NA,"Global",NA,"1950","2100","UN total population statistics by country. World Population Prospects: The 2015 Revision. Downloaded from: https://esa.un.org/unpd/wpp/Download/Standard/Population/"
"WUP2014-F21-Proportion_Urban_Annual.xlsx","Population",NA,"Global",NA,"1950","2050","UN urban population shares by country. World Urbanization Prospects: The 2014 Revision. Downloaded from: https://esa.un.org/unpd/wpp/Download/Standard/Population/"
"WB_SP.POP.TOTL.csv","Population",NA,"Global",NA,"1960","2014","World Bank total population statistics by country. Pulled from the WDI API using the R package FAOSTAT. Accessed Nov 2015."
"WB_SP.URB.TOTL.csv","Population",NA,"Global",NA,"1960","2014","World Bank urban population shares by country. Pulled from the WDI API using the R package FAOSTAT. Accessed Nov 2015."
"urbanpop_2004Rev_tcm61-36007.xlsx","Population",NA,"Global",NA,"1700","2030","HYDE statistics of total population and urban population shares by country. HYDE version 3.0; UN Population Revision, 2004 Revision."
"UN_pop_WB_HYDE_ext_iso_map.xlsx","Mapping",NA,"All",NA,NA,NA,"Region mapping codes taken from FAOSTAT package (translateCountryCode function), for mapping between UN, HYDE, and WB population data regions."
"OECD_and_NonOECD_E_Stat.csv","Energy Consumption",NA,"OECD and non-OECD Countries","All energy","1960","2017","Energy Statistics of OECD and non-OECD Countries (IEA 2019)"
"IEA_product_fuel.csv","Mapping","All","All","All",NA,NA,"File for mapping IEA fuels to CEDS fuels."
"CDIAC_national_1751_2011.csv","World CO2 emissions from Fossil Fuels","CO2","All","Fossil Fuel Combustion","1751","2011","http://cdiac.ornl.gov/trends/emis/overview_2008.html
DOI: 10.3334/CDIAC/00001_V2015"
"CDIAC_country_map.csv","Unknown","Unknown","Unknown","Unknown","Unknown","Unknown","Metadata input file missing for data file CDIAC_country_map"
"USGS_Commodity_Summaries_Cement_Production.xlsx","Cement Production",NA,"All",NA,"2002","2016","Hydraulic cement production by country (thousand metric tons). Source: see the Notes tab of the associated data file for sources"
"IEA_adjustment_Canada.csv","Energy Statistics Adjustment",NA,"Canada","Agriculture gas/diesel oil","1983","1983","Smooth out 1983 spike to equal 1982+1984 average"
"IEA_adjustment_China_coal.csv","Energy Statistics Adjustment",NA,"China","Heat and Electricity (and CHP)","1978","2006","Re-allocate between sectors to create continuous time series"
"IEA_adjustment_China_diesel.csv","Energy Statistics Adjustment",NA,"China","Road Transportation","2008","2012","Scale diesel consumption to match MEIC"
"IEA_adjustment_China_diesel_discont.csv","Energy Statistics Adjustment",NA,"China","Agriculture, Commercial and Public Services, Road Transportation ","1999","1999","Scale diesel consumption to correct 1999-2000 discontinuity"
"IEA_adjustment_OtherAsia.csv","Energy Statistics Adjustment",NA,"Other non-OECD Asia","Industry Non-specified","1971","1984","Set brown coal and lignite consumption to 0"
"IEA_adjustment_USA_kerosene.csv","Energy Statistics Adjustment",NA,"usa","1A4a_Commercial-institutional","1960","1969","Re-distribute unspecified Kerosene to specific sectors"
"IEA_adjustment_USA_kerosene.csv","Energy Statistics Adjustment",NA,"usa","1A4b_Residential","1960","1969","Re-distribute unspecified Kerosene to specific sectors"
"IEA_adjustment_USA_kerosene.csv","Energy Statistics Adjustment",NA,"usa","1A5_Other-unspecified","1960","1969","Re-distribute unspecified Kerosene to specific sectors"
"IEA_adjustment_USA_kerosene.csv","Energy Statistics Adjustment",NA,"usa","1A4c_Agriculture-forestry-fishing","1960","1969","Re-distribute unspecified Kerosene to specific sectors"
"IEA_adjustment_USA_offroad_diesel.csv","Energy Statistics Adjustment",NA,"usa","construction and agriculture","1960","2010","Replaces values with corrected energy statistics taken from EIA (after 1984) and extrapolated with total diesel use previously"
"IEA_adjustment_USA_offroad_gasoline.csv","Energy Statistics Adjustment",NA,"usa","road","1960","2017","Reduce reported road gasoline consumption by amount below."
"IEA_adjustment_USA_offroad_gasoline.csv","Energy Statistics Adjustment",NA,"usa","other RCO","1960","2017","Additional off-road gasoline consumption originally reported in road. Estimated from EPA GHG data from 1990-2017"
"A1.3.IEA_downscale_ctry.R","Energy Consumption",NA,"Former Soviet Union","Consumption","1971","1990","Natural gas liquids (kt) in final consumption go uncounted before 1990 since shares cannot be calculated from 1990 values"
"A1.3.IEA_downscale_ctry.R","Energy Consumption",NA,"Former Yugoslavia","Consumption","1971","1990","Natural gas liquids (kt) in final consumption go uncounted before 1990 since shares cannot be calculated from 1990 values"
"Shipping_Fuel_Consumption.xlsx","Unknown","Unknown","Unknown","Unknown","Unknown","Unknown","Metadata input file missing for data file Shipping_Fuel_Consumption"
"CEDS_historical_extension_drivers_activity.csv","activity data","all","all","all","1750","2020","File specifies how activity levels are extended back in time"
"FAO_wood_pulp_activity.csv","Wood pulp production",NA,"All",NA,"1961","2014","FAO wood pulp production data."
"activity_input_mapping.csv","Mapping",NA,"All",NA,NA,NA,"Mapping between filename and string identifier for activity data"
"CDIAC_fuel_map.csv","Unknown","Unknown","Unknown","Unknown","Unknown","Unknown","Metadata input file missing for data file CDIAC_fuel_map"
"U.NMVOC_Aircraft_EF.csv","emission factor","NMVOC","all","Aircraft","1970","2010","Calibrated to EDGAR 5.0 inventory implied emission factors"
"U.NMVOC_rail_ship_EF.csv","emission factor","NMVOC","all","Shipping","1970","2010","Third IMO GHG Study 2014 (MEPC-67-6-INF3-2014)"
"U.NMVOC_rail_ship_EF.csv","emission factor","NMVOC","all","Shipping-hard_coal","1970","2010","Coal boiler (early industrial value)"
"U.NMVOC_rail_ship_EF.csv","emission factor","NMVOC","all","Rail-hard_coal","1970","2010","Coal boiler (early industrial value)"
"U.NMVOC_Shipping_EF.csv","Unknown","Unknown","Unknown","Unknown","Unknown","Unknown","Metadata input file missing for data file U.NMVOC_Shipping_EF"
"U.NMVOC_usacan_offroad_EF.csv","Emission Factor","NMVOC","usa","1A2g_Ind-Comb-Construction","1990","2018","Emission factors from MOVES 2014b non-road equipment"
"U.NMVOC_usacan_offroad_EF.csv","Emission Factor","NMVOC","usa","1A4c_Agriculture-forestry-fishing","1990","2018","Emission factors from MOVES 2014b non-road equipment"
"U.NMVOC_usacan_offroad_EF.csv","Emission Factor","NMVOC","can","1A2g_Ind-Comb-Construction","1990","2018","Emission factors from MOVES 2014b non-road equipment"
"U.NMVOC_usacan_offroad_EF.csv","Emission Factor","NMVOC","can","1A4c_Agriculture-forestry-fishing","1990","2018","Emission factors from MOVES 2014b non-road equipment"
"US EPA","Emission Factor","NMVOC","usa","1A3c_Rail","2003","2019","Emission factors derived by implied EF from US NEI"
"US EPA","Emission Factor","NMVOC","can","1A3c_Rail","2003","2019","Emission factors derived by implied EF from US NEI"
"Master_Sector_Level_map.csv","Mapping",NA,"All",NA,NA,NA,"Master list of CEDS sectors at varying aggregate levels."
"GAINS_super_emitter-sec_map.csv","Mapping",NA,"All","Super emitter sectors",NA,NA,"Mapping of GAINS super emitter sectors to GAINS regular sectors"
"Global by region-detail_emf30_activity_noSE.csv","Activity","All","All","All Antro","1990","2050","ECLIPSE v6b CLE (updated from: Klimont et al. 2017 Atmos. Chem. Phys., 17, 8681:8723, 2017 https://doi.org/10.5194/acp-17-8681-2017)"
"CDB1.1.GAINS_super_emitters.R","Emissions","All","All","All","1990","2050","GAINS emissions data after accounting for super emitters within CEDS_Data script CDB1.1.GAINS_super_emitters.R"
"Global by region-detail_emf30_BC_noSE.csv","Emissions","BC","All","All Antro","1990","2050","ECLIPSE v6b CLE (updated from: Klimont et al. 2017 Atmos. Chem. Phys., 17, 8681:8723, 2017 https://doi.org/10.5194/acp-17-8681-2017) - excludes super emitters"
"Global_EV6_high-emitter emissions by EMF30 regions.xlsx","Emissions","BC CO NOx OC VOC","All","All Antro","1990","2050","ECLIPSE v6b CLE (updated from: Klimont et al. 2017 Atmos. Chem. Phys., 17, 8681:8723, 2017 https://doi.org/10.5194/acp-17-8681-2017) - super emitters only"
"Global by region-detail_emf30_CH4_noSE.csv","Emissions","CH4","All","All Antro","1990","2050","ECLIPSE v6b CLE (updated from: Klimont et al. 2017 Atmos. Chem. Phys., 17, 8681:8723, 2017 https://doi.org/10.5194/acp-17-8681-2017) - excludes super emitters"
"Global by region-detail_emf30_CO_noSE.csv","Emissions","CO","All","All Antro","1990","2050","ECLIPSE v6b CLE (updated from: Klimont et al. 2017 Atmos. Chem. Phys., 17, 8681:8723, 2017 https://doi.org/10.5194/acp-17-8681-2017) - excludes super emitters"
"Global by region-detail_emf30_CO2_noSE.csv","Emissions","CO2","All","All Antro","1990","2050","ECLIPSE v6b CLE (updated from: Klimont et al. 2017 Atmos. Chem. Phys., 17, 8681:8723, 2017 https://doi.org/10.5194/acp-17-8681-2017) - excludes super emitters"
"Global by region-detail_emf30_NH3_noSE.csv","Emissions","NH3","All","All Antro","1990","2050","ECLIPSE v6b CLE (updated from: Klimont et al. 2017 Atmos. Chem. Phys., 17, 8681:8723, 2017 https://doi.org/10.5194/acp-17-8681-2017) - excludes super emitters"
"Global by region-detail_emf30_NOx_noSE.csv","Emissions","NOx","All","All Antro","1990","2050","ECLIPSE v6b CLE (updated from: Klimont et al. 2017 Atmos. Chem. Phys., 17, 8681:8723, 2017 https://doi.org/10.5194/acp-17-8681-2017) - excludes super emitters"
"Global by region-detail_emf30_OC_noSE.csv","Emissions","OC","All","All Antro","1990","2050","ECLIPSE v6b CLE (updated from: Klimont et al. 2017 Atmos. Chem. Phys., 17, 8681:8723, 2017 https://doi.org/10.5194/acp-17-8681-2017) - excludes super emitters"
"Global by region-detail_emf30_SO2_v2.csv","Emissions","SO2","All","All Antro","1990","2050","ECLIPSE v6b CLE (updated from: Klimont et al. 2017 Atmos. Chem. Phys., 17, 8681:8723, 2017 https://doi.org/10.5194/acp-17-8681-2017) - excludes super emitters"
"Global by region-detail_emf30_VOC_noSE.csv","Emissions","NMVOC","All","All Antro","1990","2050","ECLIPSE v6b CLE (updated from: Klimont et al. 2017 Atmos. Chem. Phys., 17, 8681:8723, 2017 https://doi.org/10.5194/acp-17-8681-2017) - excludes super emitters"
"emf-30_ctry_map.csv","Mapping",NA,"All",NA,NA,NA,"GAINS region to CEDS iso mapping"
"emf-30_fuel_sector_map.csv","Mapping",NA,"All",NA,NA,NA,"GAINS sector to CEDS fuel/sector mapping"
"OECD_and_NonOECD_Conversion_Factors_Full.csv","World Energy Coversion Factors",NA,"OECD and non-OECD Countries","All energy","1960","2017","Energy Statistics of OECD and non-OECD Countries (IEA 2019) - Used for heat content and conversion factors"
"NMVOC_eclipse_flr_emissions.csv","Emissions","NMVOC","All","Venting and flaring","1990","2050","Eclipse oil and gas venting and flaring emissions. "
"IEA_flow_sector.csv","Mapping","All","All","All",NA,NA,"File for mapping IEA flow sectors to CEDS sectors."
"IEA_process_sectors.csv","Unknown","Unknown","Unknown","Unknown","Unknown","Unknown","Metadata input file missing for data file IEA_process_sectors"
"IEA_process_coal.csv","Unknown","Unknown","Unknown","Unknown","Unknown","Unknown","Metadata input file missing for data file IEA_process_coal"
"IEA_energy_balance_factor.csv","Energy",NA,"Global","Energy production and transformation sectors","1960","2017","IEA energy production and transformation balance correction factors."
"Fernandes_Biofuels_9.xlsx","Energy Consumption",NA,"Global","Residential","1850","2000","Residential biomass consumption by country and fuel type. Fernandes et al (2007), Global biofuel use, 1850-2000."
"biomass_heat_content.xlsx","Heat content",NA,"Global","Residential",NA,NA,"Biomass heat content. Calculated from Fernandes et al (2007), Yevich & Logan (2002)"
"Fernandes_proxy_country_mapping.csv","Unknown","Unknown","Unknown","Unknown","Unknown","Unknown","Metadata input file missing for data file Fernandes_proxy_country_mapping"
"IEA_energy_balance_factor-unnecessary_combinations.csv","Energy Consumption",NA,"All","Energy Production and Transformation","1960","2017","IEA FLOW and PRODUCT combinations for energy transformation and production sectors which do not exist in A.IEA_en_stat_ctry_hist_full.csv. but are within IEA_energy_balance_factor-unnecessary_combinations.csv..."
"Hyde_oil_1800-1975.xls","Oil Production",NA,"Global",NA,"1800","1975","Oil Production Data from HYDE version: 2.0, truncated after 1975."
"NC_EDGAR_sector_mapping.csv","Unknown","Unknown","Unknown","Unknown","Unknown","Unknown","Metadata input file missing for data file NC_EDGAR_sector_mapping"
"bp-stats-review-2020-all-data.xlsx","Energy Consumption, Production, and Reserves",NA,"All","Energy Production and Total Consumption","1965","2019","2020 BP Statistical Review of World Energy http://www.bp.com/statisticalreview"
"C1.2.Fugitive-petr-and-gas_default_process_emissions.R","Default process emissions for 1B2","NMVOC","All","Fugitive petr. and gas emissions","1970","2019","Max value between EDGAR5.0data and extended ECLIPSE flaring emissions is taken as default process emissions for country-year combinations for the aggregate fugivitve sector then disaggregated to fugitive oil, fugitive NG production, and fugitive NG distribution using GAINS fugitive subsector shares."
"PM25_Inventory.xlsx","Unknown","Unknown","Unknown","Unknown","Unknown","Unknown","Metadata input file missing for data file PM25_Inventory"
"Waste_burning_pct_parameters.csv","Unknown","Unknown","Unknown","Unknown","Unknown","Unknown","Metadata input file missing for data file Waste_burning_pct_parameters"
"Global_Emissions_of_Pollutants_from_Open_Burning_of_Domestic_Waste.xlsx","Emissions","All","All","Waste incineration","2010","2010","Year 2010 estimates from Wiedinmyer etal 2014 (Environ. Sci. Technol. 2014, 48, 9523_9530)"
"Global_Emissions_of_Pollutants_from_Open_Burning_of_Domestic_Waste.xlsx","Waste Driver","All","ind","Waste incineration","2010","2010","Year 2010 estimates trended back from Sharma et al. (2019) Environ. Sci. Technol. 2019, 53, 4765_4774 estimate of waste burnt (assuming 30% combusted)"
"Wiedinmyer_domestic_waste_EF.csv","Unknown","Unknown","Unknown","Unknown","Unknown","Unknown","Metadata input file missing for data file Wiedinmyer_domestic_waste_EF"
"EDGAR42_N2O.csv","Emissions","N2O","All","All","1970","2008","EDGAR v4.2"
"EDGAR42_NOx.csv","Emissions","Nox","All","All","1970","2008","EDGAR v4.2"
"All","Emissions","all","all","all","1750","2020","This file identifies inventory data (in standard CEDS format) that should be added to the default emissions dataset. Data is extended forward and backward w/ trends from inventory default (generally EDGAR)."
"1985-2011_CAC_Trends_Feb2013_ENG.xlsx","Emissions","All","Canada","All","1985","2011","Old version of Canada emission inventories. Used in CEDS to extend newer time series back to 1985."
"U.NMVOC_Crude_Oil_Tanker.csv","Emissions","NMVOC","global","crude oil loading","1960","2014","IMO GHG study (2014) scaled by crude oil transport from UNCTAD until 1970, then by CDIAC CO2 from petroleum"
"U.NMVOC_SKorea_Solvents.csv","Emissions","NMVOC","kor","all","1999","2012","Korea Country Inventory - new default values"
"C.NMVOC_NC_emissions_user_added.csv","Unknown","Unknown","Unknown","Unknown","Unknown","Unknown","Metadata input file missing for data file C.NMVOC_NC_emissions_user_added"
"CAN_scaling_mapping.csv","Mapping","All","Canada","All",NA,NA,"Emission scaling instructions and sector mapping for emission scaling "
"EN_APEI-Can-Prov_Terr.csv","Emissions","All","Canada","All","1990","2018","August 2020 - https://open.canada.ca/data/en/dataset/fa1c88a8-bf78-4fcb-9c1e-2a5534b92131"
"CAN_2018_scaling_mapping.csv","Mapping","All","Canada","All",NA,NA,"Emission scaling instructions and sector mapping for emission scaling "
"USA/national_tier1_caps.xlsx","Emissions Inventory","All Criteria Pollutants","USA","All Antro","x","x","US EPA Tier I trends, Updated February 6, 2015"
"USA/national_tier1_caps.xlsx","Emissions Inventory","NOx","USA","Mobile","x","x","Discontinuity from 2001 to 2002 smoothed to mid-point of trends in each direction. Proportional difference applied from 2002 to end of time series"
"USA/national_tier1_caps.xlsx","Emissions Inventory","NH3","USA","Miscellaneous","x","x","Discontinuity from 2000 to 2001 smoothed by scaling to match post 2000 values"
"US_scaling_mapping.csv","Mapping","All","USA","All",NA,NA,"Emission sector mapping for USA emission scaling. For species with significant miscellaneous tier1 emissions (other than AWB on fields)."
"CEDS_historical_extension_methods_EF.csv","emission factor","all","all","all","1750","2020","File contains instructions on how EFs are extended back in time"
"H.NMVOC_1A1bc_Other-transformation-process-E.CO2_CDIAC_Total_CO2_EF-trend.csv","Unknown","Unknown","Unknown","Unknown","Unknown","Unknown","Metadata input file missing for data file H.NMVOC_1A1bc_Other-transformation-process-E.CO2_CDIAC_Total_CO2_EF-trend"
"H.NMVOC_1B1_Fugitive-solid-fuels-process-U.1B1_Fugitive-solid-fuels_Biomass_Driver_EF-trend.csv","Unknown","Unknown","Unknown","Unknown","Unknown","Unknown","Metadata input file missing for data file H.NMVOC_1B1_Fugitive-solid-fuels-process-U.1B1_Fugitive-solid-fuels_Biomass_Driver_EF-trend"
"H.NMVOC_1B1_Fugitive-solid-fuels-process-U.1B1_Fugitive-solid-fuels_CoalCO2_Driver_EF-trend.csv","Unknown","Unknown","Unknown","Unknown","Unknown","Unknown","Metadata input file missing for data file H.NMVOC_1B1_Fugitive-solid-fuels-process-U.1B1_Fugitive-solid-fuels_CoalCO2_Driver_EF-trend"
"H.NMVOC_1B2b_Fugitive-NG-distr-process-E.CO2_CDIAC_liquid_and_gas_EF-trend.csv","Unknown","Unknown","Unknown","Unknown","Unknown","Unknown","Metadata input file missing for data file H.NMVOC_1B2b_Fugitive-NG-distr-process-E.CO2_CDIAC_liquid_and_gas_EF-trend"
"H.NMVOC_1B2b_Fugitive-NG-prod-process-E.CO2_CDIAC_liquid_and_gas_EF-trend.csv","Unknown","Unknown","Unknown","Unknown","Unknown","Unknown","Metadata input file missing for data file H.NMVOC_1B2b_Fugitive-NG-prod-process-E.CO2_CDIAC_liquid_and_gas_EF-trend"
"H.NMVOC_1B2d_Fugitive-other-energy-process-E.CO2_CDIAC_liquid_and_gas_EF-trend.csv","Unknown","Unknown","Unknown","Unknown","Unknown","Unknown","Metadata input file missing for data file H.NMVOC_1B2d_Fugitive-other-energy-process-E.CO2_CDIAC_liquid_and_gas_EF-trend"
"H.NMVOC_1B2_Fugitive-petr-process-A.crude_oil_production_extension_data_EF-trend.csv","Unknown","Unknown","Unknown","Unknown","Unknown","Unknown","Metadata input file missing for data file H.NMVOC_1B2_Fugitive-petr-process-A.crude_oil_production_extension_data_EF-trend"
"H.NMVOC_2A1_Cement-production-process-E.CO2_Andrew_Cement_EF-trend.csv","Unknown","Unknown","Unknown","Unknown","Unknown","Unknown","Metadata input file missing for data file H.NMVOC_2A1_Cement-production-process-E.CO2_Andrew_Cement_EF-trend"
"H.NMVOC_2A2_Lime-production-process-E.CO2_Andrew_Cement_EF-trend.csv","Unknown","Unknown","Unknown","Unknown","Unknown","Unknown","Metadata input file missing for data file H.NMVOC_2A2_Lime-production-process-E.CO2_Andrew_Cement_EF-trend"
"H.NMVOC_2C_Metal-production-process-E.CO2_CDIAC_solid_fuel_EF-trend.csv","Unknown","Unknown","Unknown","Unknown","Unknown","Unknown","Metadata input file missing for data file H.NMVOC_2C_Metal-production-process-E.CO2_CDIAC_solid_fuel_EF-trend"
"NMVOC_Road_Transport_EF_pathway.csv","Emissions Factor","NMVOC","global","Road Transportation","1970","2013","Min Emission Factor Pathways From Selected European Countries"
